store_id,store_name,genre,rate,review_cnt,store_url,address,latitude,longitude,business_hours,reserve,dinner_budget,lunch_budget,opened
17013325,フードストリート いかふぇ,カフェ,3.0,1,https://tabelog.com/ishikawa/A1704/A170403/17013325/,石川県/鳳珠郡能登町/市之瀬/1-11,37.31255313606697,137.23051170147815,,予約不可,-,～￥999,
17000920,民宿 ふらっと,料理旅館、イタリアン,3.72,31,https://tabelog.com/ishikawa/A1704/A170403/17000920/,石川県/鳳珠郡能登町/矢波/27-26-3,37.28037641685097,137.09928941240688,■ 営業時間/昼食は12:30から、夕食は18:30からのみ（時間指定）,完全予約制,"￥20,000～￥29,999",-,
17010050,もりもり寿し 能登総本店,回転寿司,3.61,100,https://tabelog.com/ishikawa/A1704/A170403/17010050/,石川県/鳳珠郡能登町/宇出津新港/3-3,37.29843790685556,137.149705442554,月・火・水・木・金/11:00 - 15:00/L.O. 料理14:30/17:00 - 21:00/土・日・祝日/11:00 - 21:00,予約不可,"￥2,000～￥2,999","￥3,000～￥3,999",2016年3月30日
17004567,百楽荘,料理旅館、日本料理,3.6,104,https://tabelog.com/ishikawa/A1704/A170403/17004567/,石川県/鳳珠郡能登町/越坂/11-34,37.3103154968744,137.23254738261585,,完全予約制,"￥20,000～￥29,999",-,
17000192,マルガージェラート 能登本店,ジェラート・アイスクリーム,3.58,324,https://tabelog.com/ishikawa/A1704/A170403/17000192/,石川県/鳳珠郡能登町/瑞穂/163-1,37.2809297768325,137.04240003245232,月・火・木・金・土・日・祝日/11:00 - 17:00/水/定休日 年末年始は休みです。,予約不可,-,～￥999,1999年6月
17009698,津久司,寿司、海鮮,3.3,32,https://tabelog.com/ishikawa/A1704/A170403/17009698/,石川県/鳳珠郡能登町/宇出津新/97-1,37.308039726849564,137.15006154265072,火・水・木・金・土/11:30 - 14:00/17:00 - 22:00/月・日/定休日 ■ 営業時間/17:00～22:00 ※要予約/■ 定休日/最終土曜日,予約可,-,～￥999,
17000120,夢一輪館,そば、郷土料理,3.25,35,https://tabelog.com/ishikawa/A1704/A170403/17000120/,石川県/鳳珠郡能登町/当目/28-1,37.3357275067888,137.01447699302543,火・水・木・金・土・日/11:00 - 17:00/月/定休日 ■ 営業時間/日没まで/■ 定休日/月曜日（祝日の場合は営業）,予約可,-,"￥1,000～￥1,999",
17000693,日本海倶楽部,ヨーロッパ料理、ビアバー、ビアホール,3.22,37,https://tabelog.com/ishikawa/A1704/A170403/17000693/,石川県/鳳珠郡能登町/立壁/92,37.33728186686548,137.25835001287015,月・火・木・金・土・日/11:30 - 22:00/水/定休日 ■ 営業時間/冬季は21:00まで,予約可,-,"￥1,000～￥1,999",
17001221,紅寿し,寿司,3.17,19,https://tabelog.com/ishikawa/A1704/A170403/17001221/,石川県/鳳珠郡能登町/字宇出津新194-2,37.30672636685025,137.1495853926378,11:00 - 00:00 ■ 定休日/第2、4木曜日,予約可,-,"￥2,000～￥2,999",
17012282,イカの駅 つくモール,その他,3.14,59,https://tabelog.com/ishikawa/A1704/A170403/17012282/,石川県/鳳珠郡能登町/字越坂18字18-1,37.312471086872385,137.23050871263905,月・火・木・金・土・日/11:00 - 14:30/水/定休日 ■ 営業時間/11:00～14:30(L.O) ※レストラン営業時間/売店など施設は9:30～17:00,予約不可,-,"￥1,000～￥1,999",2020年6月20日
17006338,真脇ポーレポーレ,旅館・民宿,3.14,11,https://tabelog.com/ishikawa/A1704/A170403/17006338/,石川県/鳳珠郡能登町/真脇/19-110,37.30869058686779,137.2085529326163,11:00 - 14:00/17:00 - 20:00 ■ 営業時間/※予約制,完全予約制,-,-,
17006834,料理民宿 田の浦荘,旅館・民宿,3.11,5,https://tabelog.com/ishikawa/A1704/A170403/17006834/,石川県/鳳珠郡能登町/宇出津/ウ10-3,37.301790876857574,137.16271477257874,,予約可,-,-,
17006329,かね八,旅館・民宿,3.09,6,https://tabelog.com/ishikawa/A1704/A170403/17006329/,石川県/鳳珠郡能登町/宇出津/井14,37.303319236047976,137.15251420143952,■ 営業時間/チェックイン 14:00～/チェックアウト 10:00～,予約可,-,-,
17000335,居肴屋 風来坊,海鮮、居酒屋,3.08,13,https://tabelog.com/ishikawa/A1704/A170403/17000335/,石川県/鳳珠郡能登町/宇出津/ム50,37.30590383685057,137.14890391262995,月・火・水・木・金・土/11:30 - 13:00/17:00 - 22:30/日/定休日,予約可,"￥4,000～￥4,999",-,1988年
17007398,茂平食堂,食堂、麺類,3.07,14,https://tabelog.com/ishikawa/A1704/A170403/17007398/,石川県/鳳珠郡能登町/宇出津/タ61,37.30851763684875,137.14836330265712,09:00 - 20:00 ■ 定休日/不定休(週に1日),,-,～￥999,
17008334,ふわ,旅館・民宿,3.06,1,https://tabelog.com/ishikawa/A1704/A170403/17008334/,石川県/鳳珠郡能登町/宇出津/ウ124,37.30432832685213,137.1506796426128,■ 営業時間/チェックイン15:00 チェックアウト翌10:00/■ 定休日/年中無休(年末年始のみ休み),,-,-,
17009806,数馬酒造,その他,3.03,7,https://tabelog.com/ishikawa/A1704/A170403/17009806/,石川県/鳳珠郡能登町/宇出津/ヘ-36,37.30828732684967,137.15087838265265,月・火・水・木・金/09:00 - 18:30/土・日/09:00 - 18:00 ■営業時間/[月～金] 9:00～18:30/[土・日] 9:00～18:00/■ 定休日/第2火曜日・第4火曜日,,-,-,
17015030,DOYA COFFEE,カフェ、コーヒースタンド,0.0,1,https://tabelog.com/ishikawa/A1704/A170403/17015030/,石川県/鳳珠郡能登町/宇出津/ム15,37.306479536849906,137.1479942026364,月・水・木・金・土・日/11:00 - 18:00/火/定休日 11時〜18時/20時〜LAST,,-,-,2022年7月2日
17012498,中国菜館きょうちゃん,中華料理、居酒屋、ラーメン,0.0, - ,https://tabelog.com/ishikawa/A1704/A170403/17012498/,石川県/鳳珠郡能登町/宇出津/へ33,37.308354496849645,137.1509113726533,,,"￥1,000～￥1,999",-,
17014912,zou,カフェ,0.0, - ,https://tabelog.com/ishikawa/A1704/A170403/17014912/,石川県/鳳珠郡能登町/宇出津/ク178-2,37.30074351772372,137.1527921253969,水・木/11:00 - 16:00/金/11:00 - 21:00/土/11:00 - 17:00/20:00 - 23:30/月・火・日/定休日,,-,-,
17013688,焼き鳥 弘,焼き鳥、居酒屋,0.0, - ,https://tabelog.com/ishikawa/A1704/A170403/17013688/,石川県/鳳珠郡能登町/宇出津/井25-1,37.30282226685355,137.15215364259655,火・水・木・金・土・日/16:00 - 22:30/月/定休日,,-,-,
17009698,津久司,寿司、海鮮,3.3,32,https://tabelog.com/ishikawa/A1704/A170403/17009698/,石川県/鳳珠郡能登町/宇出津新/97-1,37.308039726849564,137.15006154265072,火・水・木・金・土/11:30 - 14:00/17:00 - 22:00/月・日/定休日 ■ 営業時間/17:00～22:00 ※要予約/■ 定休日/最終土曜日,予約可,-,～￥999,
17007169,ビストロ与七,ビストロ、パスタ、洋食,3.04,8,https://tabelog.com/ishikawa/A1704/A170403/17007169/,石川県/鳳珠郡能登町/宇出津新/139,37.30729912684997,137.14983750264338,月・火・水・木・金・土/11:30 - 13:30/17:30 - 21:30/日/17:30 - 21:30 ■ 定休日/不定休,予約可,-,-,
17006112,あさひ,居酒屋、焼肉,3.04,4,https://tabelog.com/ishikawa/A1704/A170403/17006112/,石川県/鳳珠郡能登町/宇出津新/27,37.307831766849155,137.1483490126498,12:00 - 13:30/17:00 - 00:00,予約可,-,-,
17009163,宝寿し,寿司,3.02,2,https://tabelog.com/ishikawa/A1704/A170403/17009163/,石川県/鳳珠郡能登町/宇出津新/1-206-1,37.30730435685004,137.15006380264327,,予約可,-,-,
17013660,焼肉ポンちゃん,焼肉、ホルモン、ラーメン,3.02,1,https://tabelog.com/ishikawa/A1704/A170403/17013660/,石川県/鳳珠郡能登町/宇出津新/190-7,37.306519036044946,137.14937860147404,17:00 - 22:00/L.O. 21:00,予約可,"￥4,000～￥4,999",-,2020年12月22日
17007937,茶居夢,喫茶店,3.01,1,https://tabelog.com/ishikawa/A1704/A170403/17007937/,石川県/鳳珠郡能登町/宇出津新/壱35,37.30796437641722,137.14875208408398,,,-,-,
17015623,片岡精肉店,その他,3.72,1,https://tabelog.com/ishikawa/A1704/A170403/17015623/,石川県/鳳珠郡能登町/宇出津新/149/かくだストア店内,37.30714603684983,137.14907950264237,09:30 - 19:00 精肉店,,-,-,
17000920,民宿 ふらっと,料理旅館、イタリアン,3.61,31,https://tabelog.com/ishikawa/A1704/A170403/17000920/,石川県/鳳珠郡能登町/矢波/27-26-3,37.28037641685097,137.09928941240688,■ 営業時間/昼食は12:30から、夕食は18:30からのみ（時間指定）,完全予約制,"￥20,000～￥29,999",-,
17010050,もりもり寿し 能登総本店,回転寿司,3.6,100,https://tabelog.com/ishikawa/A1704/A170403/17010050/,石川県/鳳珠郡能登町/宇出津新港/3-3,37.29843790685556,137.149705442554,月・火・水・木・金/11:00 - 15:00/L.O. 料理14:30/17:00 - 21:00/土・日・祝日/11:00 - 21:00,予約不可,"￥2,000～￥2,999","￥3,000～￥3,999",2016年3月30日
17004567,百楽荘,料理旅館、日本料理,3.58,104,https://tabelog.com/ishikawa/A1704/A170403/17004567/,石川県/鳳珠郡能登町/越坂/11-34,37.3103154968744,137.23254738261585,,完全予約制,"￥20,000～￥29,999",-,
17000192,マルガージェラート 能登本店,ジェラート・アイスクリーム,3.25,324,https://tabelog.com/ishikawa/A1704/A170403/17000192/,石川県/鳳珠郡能登町/瑞穂/163-1,37.2809297768325,137.04240003245232,月・火・木・金・土・日・祝日/11:00 - 17:00/水/定休日 年末年始は休みです。,予約不可,-,～￥999,1999年6月
17000120,夢一輪館,そば、郷土料理,3.22,35,https://tabelog.com/ishikawa/A1704/A170403/17000120/,石川県/鳳珠郡能登町/当目/28-1,37.3357275067888,137.01447699302543,火・水・木・金・土・日/11:00 - 17:00/月/定休日 ■ 営業時間/日没まで/■ 定休日/月曜日（祝日の場合は営業）,予約可,-,"￥1,000～￥1,999",
17000693,日本海倶楽部,ヨーロッパ料理、ビアバー、ビアホール,3.17,37,https://tabelog.com/ishikawa/A1704/A170403/17000693/,石川県/鳳珠郡能登町/立壁/92,37.33728186686548,137.25835001287015,月・火・木・金・土・日/11:30 - 22:00/水/定休日 ■ 営業時間/冬季は21:00まで,予約可,-,"￥1,000～￥1,999",
17001221,紅寿し,寿司,3.14,19,https://tabelog.com/ishikawa/A1704/A170403/17001221/,石川県/鳳珠郡能登町/字宇出津新194-2,37.30672636685025,137.1495853926378,11:00 - 00:00 ■ 定休日/第2、4木曜日,予約可,-,"￥2,000～￥2,999",
17012282,イカの駅 つくモール,その他,3.14,59,https://tabelog.com/ishikawa/A1704/A170403/17012282/,石川県/鳳珠郡能登町/字越坂18字18-1,37.312471086872385,137.23050871263905,月・火・木・金・土・日/11:00 - 14:30/水/定休日 ■ 営業時間/11:00～14:30(L.O) ※レストラン営業時間/売店など施設は9:30～17:00,予約不可,-,"￥1,000～￥1,999",2020年6月20日
17006338,真脇ポーレポーレ,旅館・民宿,0.0,11,https://tabelog.com/ishikawa/A1704/A170403/17006338/,石川県/鳳珠郡能登町/真脇/19-110,37.30869058686779,137.2085529326163,11:00 - 14:00/17:00 - 20:00 ■ 営業時間/※予約制,完全予約制,-,-,
17010050,もりもり寿し 能登総本店,回転寿司,3.61,100,https://tabelog.com/ishikawa/A1704/A170403/17010050/,石川県/鳳珠郡能登町/宇出津新港/3-3,37.29843790685556,137.149705442554,月・火・水・木・金/11:00 - 15:00/L.O. 料理14:30/17:00 - 21:00/土・日・祝日/11:00 - 21:00,予約不可,"￥2,000～￥2,999","￥3,000～￥3,999",2016年3月30日
17009079,金子屋,そば、うどん、ラーメン,3.02,4,https://tabelog.com/ishikawa/A1704/A170403/17009079/,石川県/鳳珠郡能登町/宇出津新港/2-7/能都ショッピングタウンアルプ内,37.298748651226084,137.14621910764473,,予約不可,-,-,
17005416,浪漫亭,ピザ、カフェ、焼肉,3.01,2,https://tabelog.com/ishikawa/A1704/A170403/17005416/,石川県/鳳珠郡能登町/宇出津新港/2-18,37.29880601685436,137.14667112255984,火・水・木・金・土・日/11:00 - 14:30/17:00 - 23:00/L.O. 22:00/月/定休日 ■ 定休日/月曜日(祝日の場合は翌日休業),予約可,-,-,2001年
17013798,ばらずし 能登アルプ店,寿司、海鮮丼,3.0,2,https://tabelog.com/ishikawa/A1704/A170403/17013798/,石川県/鳳珠郡能登町/宇出津新港/2-7/ショッピングタウンアルプ 1F,37.29875863604889,137.14623690139788,,予約可,-,-,
17000920,民宿 ふらっと,料理旅館、イタリアン,3.72,31,https://tabelog.com/ishikawa/A1704/A170403/17000920/,石川県/鳳珠郡能登町/矢波/27-26-3,37.28037641685097,137.09928941240688,■ 営業時間/昼食は12:30から、夕食は18:30からのみ（時間指定）,完全予約制,"￥20,000～￥29,999",-,
17004567,百楽荘,料理旅館、日本料理,3.6,104,https://tabelog.com/ishikawa/A1704/A170403/17004567/,石川県/鳳珠郡能登町/越坂/11-34,37.3103154968744,137.23254738261585,,完全予約制,"￥20,000～￥29,999",-,
17000192,マルガージェラート 能登本店,ジェラート・アイスクリーム,3.58,324,https://tabelog.com/ishikawa/A1704/A170403/17000192/,石川県/鳳珠郡能登町/瑞穂/163-1,37.2809297768325,137.04240003245232,月・火・木・金・土・日・祝日/11:00 - 17:00/水/定休日 年末年始は休みです。,予約不可,-,～￥999,1999年6月
17009698,津久司,寿司、海鮮,3.3,32,https://tabelog.com/ishikawa/A1704/A170403/17009698/,石川県/鳳珠郡能登町/宇出津新/97-1,37.308039726849564,137.15006154265072,火・水・木・金・土/11:30 - 14:00/17:00 - 22:00/月・日/定休日 ■ 営業時間/17:00～22:00 ※要予約/■ 定休日/最終土曜日,予約可,-,～￥999,
17000120,夢一輪館,そば、郷土料理,3.25,35,https://tabelog.com/ishikawa/A1704/A170403/17000120/,石川県/鳳珠郡能登町/当目/28-1,37.3357275067888,137.01447699302543,火・水・木・金・土・日/11:00 - 17:00/月/定休日 ■ 営業時間/日没まで/■ 定休日/月曜日（祝日の場合は営業）,予約可,-,"￥1,000～￥1,999",
17000693,日本海倶楽部,ヨーロッパ料理、ビアバー、ビアホール,3.22,37,https://tabelog.com/ishikawa/A1704/A170403/17000693/,石川県/鳳珠郡能登町/立壁/92,37.33728186686548,137.25835001287015,月・火・木・金・土・日/11:30 - 22:00/水/定休日 ■ 営業時間/冬季は21:00まで,予約可,-,"￥1,000～￥1,999",
17001221,紅寿し,寿司,3.17,19,https://tabelog.com/ishikawa/A1704/A170403/17001221/,石川県/鳳珠郡能登町/字宇出津新194-2,37.30672636685025,137.1495853926378,11:00 - 00:00 ■ 定休日/第2、4木曜日,予約可,-,"￥2,000～￥2,999",
17012282,イカの駅 つくモール,その他,3.14,59,https://tabelog.com/ishikawa/A1704/A170403/17012282/,石川県/鳳珠郡能登町/字越坂18字18-1,37.312471086872385,137.23050871263905,月・火・木・金・土・日/11:00 - 14:30/水/定休日 ■ 営業時間/11:00～14:30(L.O) ※レストラン営業時間/売店など施設は9:30～17:00,予約不可,-,"￥1,000～￥1,999",2020年6月20日
17006338,真脇ポーレポーレ,旅館・民宿,3.14,11,https://tabelog.com/ishikawa/A1704/A170403/17006338/,石川県/鳳珠郡能登町/真脇/19-110,37.30869058686779,137.2085529326163,11:00 - 14:00/17:00 - 20:00 ■ 営業時間/※予約制,完全予約制,-,-,
17007948,うわみ花月堂,パン、ケーキ,3.01,1,https://tabelog.com/ishikawa/A1704/A170403/17007948/,石川県/鳳珠郡能登町/小木/11-80,37.2970563668821,137.23030187248352,月・火・水・木・金・土/09:00 - 19:00/日/定休日,,-,-,
17008189,能登漁火ユースホステル,旅館・民宿,3.0,1,https://tabelog.com/ishikawa/A1704/A170403/17008189/,石川県/鳳珠郡能登町/小木/ヨ51-6,37.30238499688025,137.23513082253396,■ 営業時間/チェックイン16:00 チェックアウト翌10:00/■定休日/年中無休,,-,-,
17015340,能登shirushi,居酒屋、オーベルジュ,3.72, - ,https://tabelog.com/ishikawa/A1704/A170403/17015340/,石川県/鳳珠郡能登町/小木/13-17-1,37.29877289816689,137.23047683115539,月・火・木・金・土・日/18:00 - 23:00/水/定休日,,-,-,2025年7月6日
17010902,店名なし,イタリアン、ダイニングバー,3.61, - ,https://tabelog.com/ishikawa/A1704/A170403/17010902/,石川県/鳳珠郡能登町/小木/13-17-1,37.29879178293993,137.2303568402511,,完全予約制,"￥6,000～￥7,999",-,2017年4月
17009967,福寿司,寿司,3.6, - ,https://tabelog.com/ishikawa/A1704/A170403/17009967/,石川県/鳳珠郡能登町/小木/13-36,37.29896593688013,137.22791374250446,17:00 - 23:00 ■ 営業時間/※ランチは完全予約制/■ 定休日/不定休,予約可,-,-,
17000920,民宿 ふらっと,料理旅館、イタリアン,3.58,31,https://tabelog.com/ishikawa/A1704/A170403/17000920/,石川県/鳳珠郡能登町/矢波/27-26-3,37.28037641685097,137.09928941240688,■ 営業時間/昼食は12:30から、夕食は18:30からのみ（時間指定）,完全予約制,"￥20,000～￥29,999",-,
17010050,もりもり寿し 能登総本店,回転寿司,3.3,100,https://tabelog.com/ishikawa/A1704/A170403/17010050/,石川県/鳳珠郡能登町/宇出津新港/3-3,37.29843790685556,137.149705442554,月・火・水・木・金/11:00 - 15:00/L.O. 料理14:30/17:00 - 21:00/土・日・祝日/11:00 - 21:00,予約不可,"￥2,000～￥2,999","￥3,000～￥3,999",2016年3月30日
17004567,百楽荘,料理旅館、日本料理,3.25,104,https://tabelog.com/ishikawa/A1704/A170403/17004567/,石川県/鳳珠郡能登町/越坂/11-34,37.3103154968744,137.23254738261585,,完全予約制,"￥20,000～￥29,999",-,
17000192,マルガージェラート 能登本店,ジェラート・アイスクリーム,3.22,324,https://tabelog.com/ishikawa/A1704/A170403/17000192/,石川県/鳳珠郡能登町/瑞穂/163-1,37.2809297768325,137.04240003245232,月・火・木・金・土・日・祝日/11:00 - 17:00/水/定休日 年末年始は休みです。,予約不可,-,～￥999,1999年6月
17009698,津久司,寿司、海鮮,3.17,32,https://tabelog.com/ishikawa/A1704/A170403/17009698/,石川県/鳳珠郡能登町/宇出津新/97-1,37.308039726849564,137.15006154265072,火・水・木・金・土/11:30 - 14:00/17:00 - 22:00/月・日/定休日 ■ 営業時間/17:00～22:00 ※要予約/■ 定休日/最終土曜日,予約可,-,～￥999,
17000120,夢一輪館,そば、郷土料理,3.14,35,https://tabelog.com/ishikawa/A1704/A170403/17000120/,石川県/鳳珠郡能登町/当目/28-1,37.3357275067888,137.01447699302543,火・水・木・金・土・日/11:00 - 17:00/月/定休日 ■ 営業時間/日没まで/■ 定休日/月曜日（祝日の場合は営業）,予約可,-,"￥1,000～￥1,999",
17000693,日本海倶楽部,ヨーロッパ料理、ビアバー、ビアホール,3.14,37,https://tabelog.com/ishikawa/A1704/A170403/17000693/,石川県/鳳珠郡能登町/立壁/92,37.33728186686548,137.25835001287015,月・火・木・金・土・日/11:30 - 22:00/水/定休日 ■ 営業時間/冬季は21:00まで,予約可,-,"￥1,000～￥1,999",
17001221,紅寿し,寿司,0.0,19,https://tabelog.com/ishikawa/A1704/A170403/17001221/,石川県/鳳珠郡能登町/字宇出津新194-2,37.30672636685025,137.1495853926378,11:00 - 00:00 ■ 定休日/第2、4木曜日,予約可,-,"￥2,000～￥2,999",
17012282,イカの駅 つくモール,その他,0.0,59,https://tabelog.com/ishikawa/A1704/A170403/17012282/,石川県/鳳珠郡能登町/字越坂18字18-1,37.312471086872385,137.23050871263905,月・火・木・金・土・日/11:00 - 14:30/水/定休日 ■ 営業時間/11:00～14:30(L.O) ※レストラン営業時間/売店など施設は9:30～17:00,予約不可,-,"￥1,000～￥1,999",2020年6月20日
17006338,真脇ポーレポーレ,旅館・民宿,0.0,11,https://tabelog.com/ishikawa/A1704/A170403/17006338/,石川県/鳳珠郡能登町/真脇/19-110,37.30869058686779,137.2085529326163,11:00 - 14:00/17:00 - 20:00 ■ 営業時間/※予約制,完全予約制,-,-,
17004567,百楽荘,料理旅館、日本料理,3.6,104,https://tabelog.com/ishikawa/A1704/A170403/17004567/,石川県/鳳珠郡能登町/越坂/11-34,37.3103154968744,137.23254738261585,,完全予約制,"￥20,000～￥29,999",-,
17008333,ホテルのときんぷら,ホテル,3.1,7,https://tabelog.com/ishikawa/A1704/A170403/17008333/,石川県/鳳珠郡能登町/越坂/11-51,37.31228769687392,137.23499359263408,■ 営業時間/チェックイン15:00 チェックアウト翌10:00/■定休日/年中無休,予約不可,-,-,
17010473,ピース・ライダース・マリン・ベース カフェ,カフェ、洋食,3.05,9,https://tabelog.com/ishikawa/A1704/A170403/17010473/,石川県/鳳珠郡能登町/越坂/1-1-5/PEACE Riders marine base,37.307074026880734,137.24600308257368,火・水・木・金・土・日/11:00 - 20:00/月/定休日 ■ 定休日/第4日曜日(翌月曜日が祝日の場合は営業、翌月曜日が休み),,-,-,
17005414,ブルーウェイブ,うどん、そば、かつ丼,3.01,3,https://tabelog.com/ishikawa/A1704/A170403/17005414/,石川県/鳳珠郡能登町/越坂/3-47/のと海洋ふれあいセンター,37.30619700644652,137.24079007726633,11:00 - 17:00 ■ 定休日/不定休,,-,-,
17005389,ブルーウェーブ,ラーメン,3.72, - ,https://tabelog.com/ishikawa/A1704/A170403/17005389/,石川県/鳳珠郡能登町/越坂/3-38,37.30502303607479,137.2401561013953,10:00 - 19:00 ■ 営業時間/10:00～17:00/(※夏季は10:00～19:00）/■定休日/年中無休,,-,-,
17000920,民宿 ふらっと,料理旅館、イタリアン,3.61,31,https://tabelog.com/ishikawa/A1704/A170403/17000920/,石川県/鳳珠郡能登町/矢波/27-26-3,37.28037641685097,137.09928941240688,■ 営業時間/昼食は12:30から、夕食は18:30からのみ（時間指定）,完全予約制,"￥20,000～￥29,999",-,
17010050,もりもり寿し 能登総本店,回転寿司,3.58,100,https://tabelog.com/ishikawa/A1704/A170403/17010050/,石川県/鳳珠郡能登町/宇出津新港/3-3,37.29843790685556,137.149705442554,月・火・水・木・金/11:00 - 15:00/L.O. 料理14:30/17:00 - 21:00/土・日・祝日/11:00 - 21:00,予約不可,"￥2,000～￥2,999","￥3,000～￥3,999",2016年3月30日
17000192,マルガージェラート 能登本店,ジェラート・アイスクリーム,3.3,324,https://tabelog.com/ishikawa/A1704/A170403/17000192/,石川県/鳳珠郡能登町/瑞穂/163-1,37.2809297768325,137.04240003245232,月・火・木・金・土・日・祝日/11:00 - 17:00/水/定休日 年末年始は休みです。,予約不可,-,～￥999,1999年6月
17009698,津久司,寿司、海鮮,3.25,32,https://tabelog.com/ishikawa/A1704/A170403/17009698/,石川県/鳳珠郡能登町/宇出津新/97-1,37.308039726849564,137.15006154265072,火・水・木・金・土/11:30 - 14:00/17:00 - 22:00/月・日/定休日 ■ 営業時間/17:00～22:00 ※要予約/■ 定休日/最終土曜日,予約可,-,～￥999,
17000120,夢一輪館,そば、郷土料理,3.22,35,https://tabelog.com/ishikawa/A1704/A170403/17000120/,石川県/鳳珠郡能登町/当目/28-1,37.3357275067888,137.01447699302543,火・水・木・金・土・日/11:00 - 17:00/月/定休日 ■ 営業時間/日没まで/■ 定休日/月曜日（祝日の場合は営業）,予約可,-,"￥1,000～￥1,999",
17000693,日本海倶楽部,ヨーロッパ料理、ビアバー、ビアホール,3.17,37,https://tabelog.com/ishikawa/A1704/A170403/17000693/,石川県/鳳珠郡能登町/立壁/92,37.33728186686548,137.25835001287015,月・火・木・金・土・日/11:30 - 22:00/水/定休日 ■ 営業時間/冬季は21:00まで,予約可,-,"￥1,000～￥1,999",
17001221,紅寿し,寿司,3.14,19,https://tabelog.com/ishikawa/A1704/A170403/17001221/,石川県/鳳珠郡能登町/字宇出津新194-2,37.30672636685025,137.1495853926378,11:00 - 00:00 ■ 定休日/第2、4木曜日,予約可,-,"￥2,000～￥2,999",
17012282,イカの駅 つくモール,その他,3.14,59,https://tabelog.com/ishikawa/A1704/A170403/17012282/,石川県/鳳珠郡能登町/字越坂18字18-1,37.312471086872385,137.23050871263905,月・火・木・金・土・日/11:00 - 14:30/水/定休日 ■ 営業時間/11:00～14:30(L.O) ※レストラン営業時間/売店など施設は9:30～17:00,予約不可,-,"￥1,000～￥1,999",2020年6月20日
17006338,真脇ポーレポーレ,旅館・民宿,0.0,11,https://tabelog.com/ishikawa/A1704/A170403/17006338/,石川県/鳳珠郡能登町/真脇/19-110,37.30869058686779,137.2085529326163,11:00 - 14:00/17:00 - 20:00 ■ 営業時間/※予約制,完全予約制,-,-,
17006110,とんとん家,食堂,3.07,15,https://tabelog.com/ishikawa/A1704/A170403/17006110/,石川県/鳳珠郡能登町/神和住/ア-40,37.34608159679973,137.06940038309148,,,-,-,
17008670,いわずみ 神和住店,和菓子、たい焼き・大判焼き,3.0,5,https://tabelog.com/ishikawa/A1704/A170403/17008670/,石川県/鳳珠郡能登町/神和住/ア40,37.34581223270837,137.06900752636795,09:00 - 17:30,,-,-,
17000920,民宿 ふらっと,料理旅館、イタリアン,3.72,31,https://tabelog.com/ishikawa/A1704/A170403/17000920/,石川県/鳳珠郡能登町/矢波/27-26-3,37.28037641685097,137.09928941240688,■ 営業時間/昼食は12:30から、夕食は18:30からのみ（時間指定）,完全予約制,"￥20,000～￥29,999",-,
17010050,もりもり寿し 能登総本店,回転寿司,3.61,100,https://tabelog.com/ishikawa/A1704/A170403/17010050/,石川県/鳳珠郡能登町/宇出津新港/3-3,37.29843790685556,137.149705442554,月・火・水・木・金/11:00 - 15:00/L.O. 料理14:30/17:00 - 21:00/土・日・祝日/11:00 - 21:00,予約不可,"￥2,000～￥2,999","￥3,000～￥3,999",2016年3月30日
17004567,百楽荘,料理旅館、日本料理,3.6,104,https://tabelog.com/ishikawa/A1704/A170403/17004567/,石川県/鳳珠郡能登町/越坂/11-34,37.3103154968744,137.23254738261585,,完全予約制,"￥20,000～￥29,999",-,
17000192,マルガージェラート 能登本店,ジェラート・アイスクリーム,3.58,324,https://tabelog.com/ishikawa/A1704/A170403/17000192/,石川県/鳳珠郡能登町/瑞穂/163-1,37.2809297768325,137.04240003245232,月・火・木・金・土・日・祝日/11:00 - 17:00/水/定休日 年末年始は休みです。,予約不可,-,～￥999,1999年6月
17009698,津久司,寿司、海鮮,3.3,32,https://tabelog.com/ishikawa/A1704/A170403/17009698/,石川県/鳳珠郡能登町/宇出津新/97-1,37.308039726849564,137.15006154265072,火・水・木・金・土/11:30 - 14:00/17:00 - 22:00/月・日/定休日 ■ 営業時間/17:00～22:00 ※要予約/■ 定休日/最終土曜日,予約可,-,～￥999,
17000120,夢一輪館,そば、郷土料理,3.25,35,https://tabelog.com/ishikawa/A1704/A170403/17000120/,石川県/鳳珠郡能登町/当目/28-1,37.3357275067888,137.01447699302543,火・水・木・金・土・日/11:00 - 17:00/月/定休日 ■ 営業時間/日没まで/■ 定休日/月曜日（祝日の場合は営業）,予約可,-,"￥1,000～￥1,999",
17000693,日本海倶楽部,ヨーロッパ料理、ビアバー、ビアホール,3.22,37,https://tabelog.com/ishikawa/A1704/A170403/17000693/,石川県/鳳珠郡能登町/立壁/92,37.33728186686548,137.25835001287015,月・火・木・金・土・日/11:30 - 22:00/水/定休日 ■ 営業時間/冬季は21:00まで,予約可,-,"￥1,000～￥1,999",
17001221,紅寿し,寿司,3.17,19,https://tabelog.com/ishikawa/A1704/A170403/17001221/,石川県/鳳珠郡能登町/字宇出津新194-2,37.30672636685025,137.1495853926378,11:00 - 00:00 ■ 定休日/第2、4木曜日,予約可,-,"￥2,000～￥2,999",
17012282,イカの駅 つくモール,その他,3.14,59,https://tabelog.com/ishikawa/A1704/A170403/17012282/,石川県/鳳珠郡能登町/字越坂18字18-1,37.312471086872385,137.23050871263905,月・火・木・金・土・日/11:00 - 14:30/水/定休日 ■ 営業時間/11:00～14:30(L.O) ※レストラン営業時間/売店など施設は9:30～17:00,予約不可,-,"￥1,000～￥1,999",2020年6月20日
17006338,真脇ポーレポーレ,旅館・民宿,3.14,11,https://tabelog.com/ishikawa/A1704/A170403/17006338/,石川県/鳳珠郡能登町/真脇/19-110,37.30869058686779,137.2085529326163,11:00 - 14:00/17:00 - 20:00 ■ 営業時間/※予約制,完全予約制,-,-,
17006339,レストラン花菖蒲,ステーキ、ハンバーグ、食堂,3.02,6,https://tabelog.com/ishikawa/A1704/A170403/17006339/,石川県/鳳珠郡能登町/上町/ロ1-1,37.334393776829096,137.13833088292515,月・火・水・金/11:00 - 15:00/L.O. 14:30/土・日・祝日/11:00 - 20:00/L.O. 19:30/木/定休日 ■ 営業時間/事前予約による宴席などは、これ以外の時間も応相談,予約可,"￥1,000～￥1,999","￥1,000～￥1,999",
17014889,notono café&marché,カフェ,3.0,2,https://tabelog.com/ishikawa/A1704/A170403/17014889/,石川県/鳳珠郡能登町/上町/イ部46-6,37.33489713968007,137.1349212171781,月・火・木・金・土・日/09:00 - 17:00/水/定休日,,-,-,
17014905,310パン,パン、ベーグル,3.0,1,https://tabelog.com/ishikawa/A1704/A170403/17014905/,石川県/鳳珠郡能登町/上町/イ46-9,37.335182428402355,137.13483320190502,■ 営業時間/11:00～売り切れまで/■ 定休日/月曜日、日曜日,,-,-,2024年9月21日
17000920,民宿 ふらっと,料理旅館、イタリアン,3.72,31,https://tabelog.com/ishikawa/A1704/A170403/17000920/,石川県/鳳珠郡能登町/矢波/27-26-3,37.28037641685097,137.09928941240688,■ 営業時間/昼食は12:30から、夕食は18:30からのみ（時間指定）,完全予約制,"￥20,000～￥29,999",-,
17010050,もりもり寿し 能登総本店,回転寿司,3.61,100,https://tabelog.com/ishikawa/A1704/A170403/17010050/,石川県/鳳珠郡能登町/宇出津新港/3-3,37.29843790685556,137.149705442554,月・火・水・木・金/11:00 - 15:00/L.O. 料理14:30/17:00 - 21:00/土・日・祝日/11:00 - 21:00,予約不可,"￥2,000～￥2,999","￥3,000～￥3,999",2016年3月30日
17004567,百楽荘,料理旅館、日本料理,3.6,104,https://tabelog.com/ishikawa/A1704/A170403/17004567/,石川県/鳳珠郡能登町/越坂/11-34,37.3103154968744,137.23254738261585,,完全予約制,"￥20,000～￥29,999",-,
17000192,マルガージェラート 能登本店,ジェラート・アイスクリーム,3.58,324,https://tabelog.com/ishikawa/A1704/A170403/17000192/,石川県/鳳珠郡能登町/瑞穂/163-1,37.2809297768325,137.04240003245232,月・火・木・金・土・日・祝日/11:00 - 17:00/水/定休日 年末年始は休みです。,予約不可,-,～￥999,1999年6月
17009698,津久司,寿司、海鮮,3.3,32,https://tabelog.com/ishikawa/A1704/A170403/17009698/,石川県/鳳珠郡能登町/宇出津新/97-1,37.308039726849564,137.15006154265072,火・水・木・金・土/11:30 - 14:00/17:00 - 22:00/月・日/定休日 ■ 営業時間/17:00～22:00 ※要予約/■ 定休日/最終土曜日,予約可,-,～￥999,
17000120,夢一輪館,そば、郷土料理,3.25,35,https://tabelog.com/ishikawa/A1704/A170403/17000120/,石川県/鳳珠郡能登町/当目/28-1,37.3357275067888,137.01447699302543,火・水・木・金・土・日/11:00 - 17:00/月/定休日 ■ 営業時間/日没まで/■ 定休日/月曜日（祝日の場合は営業）,予約可,-,"￥1,000～￥1,999",
17000693,日本海倶楽部,ヨーロッパ料理、ビアバー、ビアホール,3.22,37,https://tabelog.com/ishikawa/A1704/A170403/17000693/,石川県/鳳珠郡能登町/立壁/92,37.33728186686548,137.25835001287015,月・火・木・金・土・日/11:30 - 22:00/水/定休日 ■ 営業時間/冬季は21:00まで,予約可,-,"￥1,000～￥1,999",
17001221,紅寿し,寿司,3.17,19,https://tabelog.com/ishikawa/A1704/A170403/17001221/,石川県/鳳珠郡能登町/字宇出津新194-2,37.30672636685025,137.1495853926378,11:00 - 00:00 ■ 定休日/第2、4木曜日,予約可,-,"￥2,000～￥2,999",
17012282,イカの駅 つくモール,その他,3.14,59,https://tabelog.com/ishikawa/A1704/A170403/17012282/,石川県/鳳珠郡能登町/字越坂18字18-1,37.312471086872385,137.23050871263905,月・火・木・金・土・日/11:00 - 14:30/水/定休日 ■ 営業時間/11:00～14:30(L.O) ※レストラン営業時間/売店など施設は9:30～17:00,予約不可,-,"￥1,000～￥1,999",2020年6月20日
17006338,真脇ポーレポーレ,旅館・民宿,3.14,11,https://tabelog.com/ishikawa/A1704/A170403/17006338/,石川県/鳳珠郡能登町/真脇/19-110,37.30869058686779,137.2085529326163,11:00 - 14:00/17:00 - 20:00 ■ 営業時間/※予約制,完全予約制,-,-,
17001385,なかの洋菓子店,ケーキ、カフェ,3.07,12,https://tabelog.com/ishikawa/A1704/A170403/17001385/,石川県/鳳珠郡能登町/恋路/3-7,37.368592856841076,137.2441487431964,月・木・金・土・日/10:00 - 17:00/火・水/定休日 ■ 営業時間/※商品が無くなり次第終了/■ 定休日/不定休(SNSにて告知),,-,～￥999,2004年3月
17014846,恋路アルバカレー,カレー,3.05,4,https://tabelog.com/ishikawa/A1704/A170403/17014846/,石川県/鳳珠郡能登町/恋路/7-10,37.370252131103015,137.24013596110433,月・火・木・金・土・日/11:00 - 14:30/水/定休日 夜の部 17:00~ﾁｶﾗ尽きるまで/※日曜日はお昼のみの営業,,-,-,2024年9月18日
17011638,民宿・旅館 恋路屋,旅館・民宿,3.72, - ,https://tabelog.com/ishikawa/A1704/A170403/17011638/,石川県/鳳珠郡能登町/恋路/7-11,37.37067332683835,137.2397210332205,,,-,"￥1,000～￥1,999",
17000920,民宿 ふらっと,料理旅館、イタリアン,3.61,31,https://tabelog.com/ishikawa/A1704/A170403/17000920/,石川県/鳳珠郡能登町/矢波/27-26-3,37.28037641685097,137.09928941240688,■ 営業時間/昼食は12:30から、夕食は18:30からのみ（時間指定）,完全予約制,"￥20,000～￥29,999",-,
17010050,もりもり寿し 能登総本店,回転寿司,3.6,100,https://tabelog.com/ishikawa/A1704/A170403/17010050/,石川県/鳳珠郡能登町/宇出津新港/3-3,37.29843790685556,137.149705442554,月・火・水・木・金/11:00 - 15:00/L.O. 料理14:30/17:00 - 21:00/土・日・祝日/11:00 - 21:00,予約不可,"￥2,000～￥2,999","￥3,000～￥3,999",2016年3月30日
17004567,百楽荘,料理旅館、日本料理,3.58,104,https://tabelog.com/ishikawa/A1704/A170403/17004567/,石川県/鳳珠郡能登町/越坂/11-34,37.3103154968744,137.23254738261585,,完全予約制,"￥20,000～￥29,999",-,
17000192,マルガージェラート 能登本店,ジェラート・アイスクリーム,3.3,324,https://tabelog.com/ishikawa/A1704/A170403/17000192/,石川県/鳳珠郡能登町/瑞穂/163-1,37.2809297768325,137.04240003245232,月・火・木・金・土・日・祝日/11:00 - 17:00/水/定休日 年末年始は休みです。,予約不可,-,～￥999,1999年6月
17009698,津久司,寿司、海鮮,3.25,32,https://tabelog.com/ishikawa/A1704/A170403/17009698/,石川県/鳳珠郡能登町/宇出津新/97-1,37.308039726849564,137.15006154265072,火・水・木・金・土/11:30 - 14:00/17:00 - 22:00/月・日/定休日 ■ 営業時間/17:00～22:00 ※要予約/■ 定休日/最終土曜日,予約可,-,～￥999,
17000120,夢一輪館,そば、郷土料理,3.22,35,https://tabelog.com/ishikawa/A1704/A170403/17000120/,石川県/鳳珠郡能登町/当目/28-1,37.3357275067888,137.01447699302543,火・水・木・金・土・日/11:00 - 17:00/月/定休日 ■ 営業時間/日没まで/■ 定休日/月曜日（祝日の場合は営業）,予約可,-,"￥1,000～￥1,999",
17000693,日本海倶楽部,ヨーロッパ料理、ビアバー、ビアホール,3.17,37,https://tabelog.com/ishikawa/A1704/A170403/17000693/,石川県/鳳珠郡能登町/立壁/92,37.33728186686548,137.25835001287015,月・火・木・金・土・日/11:30 - 22:00/水/定休日 ■ 営業時間/冬季は21:00まで,予約可,-,"￥1,000～￥1,999",
17001221,紅寿し,寿司,3.14,19,https://tabelog.com/ishikawa/A1704/A170403/17001221/,石川県/鳳珠郡能登町/字宇出津新194-2,37.30672636685025,137.1495853926378,11:00 - 00:00 ■ 定休日/第2、4木曜日,予約可,-,"￥2,000～￥2,999",
17012282,イカの駅 つくモール,その他,3.14,59,https://tabelog.com/ishikawa/A1704/A170403/17012282/,石川県/鳳珠郡能登町/字越坂18字18-1,37.312471086872385,137.23050871263905,月・火・木・金・土・日/11:00 - 14:30/水/定休日 ■ 営業時間/11:00～14:30(L.O) ※レストラン営業時間/売店など施設は9:30～17:00,予約不可,-,"￥1,000～￥1,999",2020年6月20日
17006338,真脇ポーレポーレ,旅館・民宿,0.0,11,https://tabelog.com/ishikawa/A1704/A170403/17006338/,石川県/鳳珠郡能登町/真脇/19-110,37.30869058686779,137.2085529326163,11:00 - 14:00/17:00 - 20:00 ■ 営業時間/※予約制,完全予約制,-,-,
17014346,能登まるまる餃子店,餃子,3.04,5,https://tabelog.com/ishikawa/A1704/A170403/17014346/,石川県/鳳珠郡能登町/崎山/3-206-1,37.30366149685063,137.1446603526103,月・火・木・金・土/11:00 - 19:00/水・日/定休日,,-,-,2023年12月8日
17014498,三日月Bakery,パン,3.0,2,https://tabelog.com/ishikawa/A1704/A170403/17014498/,石川県/鳳珠郡能登町/崎山/3-6,37.30222340685254,137.14779342259357,火・水・金・土・日/10:00 - 18:00/月・木/定休日 売り切れ次第終了,,-,-,2023年10月17日
17000920,民宿 ふらっと,料理旅館、イタリアン,3.72,31,https://tabelog.com/ishikawa/A1704/A170403/17000920/,石川県/鳳珠郡能登町/矢波/27-26-3,37.28037641685097,137.09928941240688,■ 営業時間/昼食は12:30から、夕食は18:30からのみ（時間指定）,完全予約制,"￥20,000～￥29,999",-,
17010050,もりもり寿し 能登総本店,回転寿司,3.61,100,https://tabelog.com/ishikawa/A1704/A170403/17010050/,石川県/鳳珠郡能登町/宇出津新港/3-3,37.29843790685556,137.149705442554,月・火・水・木・金/11:00 - 15:00/L.O. 料理14:30/17:00 - 21:00/土・日・祝日/11:00 - 21:00,予約不可,"￥2,000～￥2,999","￥3,000～￥3,999",2016年3月30日
17004567,百楽荘,料理旅館、日本料理,3.6,104,https://tabelog.com/ishikawa/A1704/A170403/17004567/,石川県/鳳珠郡能登町/越坂/11-34,37.3103154968744,137.23254738261585,,完全予約制,"￥20,000～￥29,999",-,
17000192,マルガージェラート 能登本店,ジェラート・アイスクリーム,3.58,324,https://tabelog.com/ishikawa/A1704/A170403/17000192/,石川県/鳳珠郡能登町/瑞穂/163-1,37.2809297768325,137.04240003245232,月・火・木・金・土・日・祝日/11:00 - 17:00/水/定休日 年末年始は休みです。,予約不可,-,～￥999,1999年6月
17009698,津久司,寿司、海鮮,3.3,32,https://tabelog.com/ishikawa/A1704/A170403/17009698/,石川県/鳳珠郡能登町/宇出津新/97-1,37.308039726849564,137.15006154265072,火・水・木・金・土/11:30 - 14:00/17:00 - 22:00/月・日/定休日 ■ 営業時間/17:00～22:00 ※要予約/■ 定休日/最終土曜日,予約可,-,～￥999,
17000120,夢一輪館,そば、郷土料理,3.25,35,https://tabelog.com/ishikawa/A1704/A170403/17000120/,石川県/鳳珠郡能登町/当目/28-1,37.3357275067888,137.01447699302543,火・水・木・金・土・日/11:00 - 17:00/月/定休日 ■ 営業時間/日没まで/■ 定休日/月曜日（祝日の場合は営業）,予約可,-,"￥1,000～￥1,999",
17000693,日本海倶楽部,ヨーロッパ料理、ビアバー、ビアホール,3.22,37,https://tabelog.com/ishikawa/A1704/A170403/17000693/,石川県/鳳珠郡能登町/立壁/92,37.33728186686548,137.25835001287015,月・火・木・金・土・日/11:30 - 22:00/水/定休日 ■ 営業時間/冬季は21:00まで,予約可,-,"￥1,000～￥1,999",
17001221,紅寿し,寿司,3.17,19,https://tabelog.com/ishikawa/A1704/A170403/17001221/,石川県/鳳珠郡能登町/字宇出津新194-2,37.30672636685025,137.1495853926378,11:00 - 00:00 ■ 定休日/第2、4木曜日,予約可,-,"￥2,000～￥2,999",
17012282,イカの駅 つくモール,その他,3.14,59,https://tabelog.com/ishikawa/A1704/A170403/17012282/,石川県/鳳珠郡能登町/字越坂18字18-1,37.312471086872385,137.23050871263905,月・火・木・金・土・日/11:00 - 14:30/水/定休日 ■ 営業時間/11:00～14:30(L.O) ※レストラン営業時間/売店など施設は9:30～17:00,予約不可,-,"￥1,000～￥1,999",2020年6月20日
17006338,真脇ポーレポーレ,旅館・民宿,3.14,11,https://tabelog.com/ishikawa/A1704/A170403/17006338/,石川県/鳳珠郡能登町/真脇/19-110,37.30869058686779,137.2085529326163,11:00 - 14:00/17:00 - 20:00 ■ 営業時間/※予約制,完全予約制,-,-,
17005338,かじ旅館,旅館・民宿,3.0,1,https://tabelog.com/ishikawa/A1704/A170403/17005338/,石川県/鳳珠郡能登町/笹川/ロ部20-1,37.36521805679653,137.0975431532651,11:00 - 15:00/17:00 - 20:00 ■ 営業時間/※前日までに要予約/■定休日/無休,,-,-,
17000920,民宿 ふらっと,料理旅館、イタリアン,3.72,31,https://tabelog.com/ishikawa/A1704/A170403/17000920/,石川県/鳳珠郡能登町/矢波/27-26-3,37.28037641685097,137.09928941240688,■ 営業時間/昼食は12:30から、夕食は18:30からのみ（時間指定）,完全予約制,"￥20,000～￥29,999",-,
17010050,もりもり寿し 能登総本店,回転寿司,3.61,100,https://tabelog.com/ishikawa/A1704/A170403/17010050/,石川県/鳳珠郡能登町/宇出津新港/3-3,37.29843790685556,137.149705442554,月・火・水・木・金/11:00 - 15:00/L.O. 料理14:30/17:00 - 21:00/土・日・祝日/11:00 - 21:00,予約不可,"￥2,000～￥2,999","￥3,000～￥3,999",2016年3月30日
17004567,百楽荘,料理旅館、日本料理,3.6,104,https://tabelog.com/ishikawa/A1704/A170403/17004567/,石川県/鳳珠郡能登町/越坂/11-34,37.3103154968744,137.23254738261585,,完全予約制,"￥20,000～￥29,999",-,
17000192,マルガージェラート 能登本店,ジェラート・アイスクリーム,3.58,324,https://tabelog.com/ishikawa/A1704/A170403/17000192/,石川県/鳳珠郡能登町/瑞穂/163-1,37.2809297768325,137.04240003245232,月・火・木・金・土・日・祝日/11:00 - 17:00/水/定休日 年末年始は休みです。,予約不可,-,～￥999,1999年6月
17009698,津久司,寿司、海鮮,3.3,32,https://tabelog.com/ishikawa/A1704/A170403/17009698/,石川県/鳳珠郡能登町/宇出津新/97-1,37.308039726849564,137.15006154265072,火・水・木・金・土/11:30 - 14:00/17:00 - 22:00/月・日/定休日 ■ 営業時間/17:00～22:00 ※要予約/■ 定休日/最終土曜日,予約可,-,～￥999,
17000120,夢一輪館,そば、郷土料理,3.25,35,https://tabelog.com/ishikawa/A1704/A170403/17000120/,石川県/鳳珠郡能登町/当目/28-1,37.3357275067888,137.01447699302543,火・水・木・金・土・日/11:00 - 17:00/月/定休日 ■ 営業時間/日没まで/■ 定休日/月曜日（祝日の場合は営業）,予約可,-,"￥1,000～￥1,999",
17000693,日本海倶楽部,ヨーロッパ料理、ビアバー、ビアホール,3.22,37,https://tabelog.com/ishikawa/A1704/A170403/17000693/,石川県/鳳珠郡能登町/立壁/92,37.33728186686548,137.25835001287015,月・火・木・金・土・日/11:30 - 22:00/水/定休日 ■ 営業時間/冬季は21:00まで,予約可,-,"￥1,000～￥1,999",
17001221,紅寿し,寿司,3.17,19,https://tabelog.com/ishikawa/A1704/A170403/17001221/,石川県/鳳珠郡能登町/字宇出津新194-2,37.30672636685025,137.1495853926378,11:00 - 00:00 ■ 定休日/第2、4木曜日,予約可,-,"￥2,000～￥2,999",
17012282,イカの駅 つくモール,その他,3.14,59,https://tabelog.com/ishikawa/A1704/A170403/17012282/,石川県/鳳珠郡能登町/字越坂18字18-1,37.312471086872385,137.23050871263905,月・火・木・金・土・日/11:00 - 14:30/水/定休日 ■ 営業時間/11:00～14:30(L.O) ※レストラン営業時間/売店など施設は9:30～17:00,予約不可,-,"￥1,000～￥1,999",2020年6月20日
17006338,真脇ポーレポーレ,旅館・民宿,3.14,11,https://tabelog.com/ishikawa/A1704/A170403/17006338/,石川県/鳳珠郡能登町/真脇/19-110,37.30869058686779,137.2085529326163,11:00 - 14:00/17:00 - 20:00 ■ 営業時間/※予約制,完全予約制,-,-,
17000693,日本海倶楽部,ヨーロッパ料理、ビアバー、ビアホール,3.22,37,https://tabelog.com/ishikawa/A1704/A170403/17000693/,石川県/鳳珠郡能登町/立壁/92,37.33728186686548,137.25835001287015,月・火・木・金・土・日/11:30 - 22:00/水/定休日 ■ 営業時間/冬季は21:00まで,予約可,-,"￥1,000～￥1,999",
17000920,民宿 ふらっと,料理旅館、イタリアン,3.72,31,https://tabelog.com/ishikawa/A1704/A170403/17000920/,石川県/鳳珠郡能登町/矢波/27-26-3,37.28037641685097,137.09928941240688,■ 営業時間/昼食は12:30から、夕食は18:30からのみ（時間指定）,完全予約制,"￥20,000～￥29,999",-,
17010050,もりもり寿し 能登総本店,回転寿司,3.61,100,https://tabelog.com/ishikawa/A1704/A170403/17010050/,石川県/鳳珠郡能登町/宇出津新港/3-3,37.29843790685556,137.149705442554,月・火・水・木・金/11:00 - 15:00/L.O. 料理14:30/17:00 - 21:00/土・日・祝日/11:00 - 21:00,予約不可,"￥2,000～￥2,999","￥3,000～￥3,999",2016年3月30日
17004567,百楽荘,料理旅館、日本料理,3.6,104,https://tabelog.com/ishikawa/A1704/A170403/17004567/,石川県/鳳珠郡能登町/越坂/11-34,37.3103154968744,137.23254738261585,,完全予約制,"￥20,000～￥29,999",-,
17000192,マルガージェラート 能登本店,ジェラート・アイスクリーム,3.58,324,https://tabelog.com/ishikawa/A1704/A170403/17000192/,石川県/鳳珠郡能登町/瑞穂/163-1,37.2809297768325,137.04240003245232,月・火・木・金・土・日・祝日/11:00 - 17:00/水/定休日 年末年始は休みです。,予約不可,-,～￥999,1999年6月
17009698,津久司,寿司、海鮮,3.3,32,https://tabelog.com/ishikawa/A1704/A170403/17009698/,石川県/鳳珠郡能登町/宇出津新/97-1,37.308039726849564,137.15006154265072,火・水・木・金・土/11:30 - 14:00/17:00 - 22:00/月・日/定休日 ■ 営業時間/17:00～22:00 ※要予約/■ 定休日/最終土曜日,予約可,-,～￥999,
17000120,夢一輪館,そば、郷土料理,3.25,35,https://tabelog.com/ishikawa/A1704/A170403/17000120/,石川県/鳳珠郡能登町/当目/28-1,37.3357275067888,137.01447699302543,火・水・木・金・土・日/11:00 - 17:00/月/定休日 ■ 営業時間/日没まで/■ 定休日/月曜日（祝日の場合は営業）,予約可,-,"￥1,000～￥1,999",
17001221,紅寿し,寿司,3.17,19,https://tabelog.com/ishikawa/A1704/A170403/17001221/,石川県/鳳珠郡能登町/字宇出津新194-2,37.30672636685025,137.1495853926378,11:00 - 00:00 ■ 定休日/第2、4木曜日,予約可,-,"￥2,000～￥2,999",
17012282,イカの駅 つくモール,その他,3.14,59,https://tabelog.com/ishikawa/A1704/A170403/17012282/,石川県/鳳珠郡能登町/字越坂18字18-1,37.312471086872385,137.23050871263905,月・火・木・金・土・日/11:00 - 14:30/水/定休日 ■ 営業時間/11:00～14:30(L.O) ※レストラン営業時間/売店など施設は9:30～17:00,予約不可,-,"￥1,000～￥1,999",2020年6月20日
17006338,真脇ポーレポーレ,旅館・民宿,3.14,11,https://tabelog.com/ishikawa/A1704/A170403/17006338/,石川県/鳳珠郡能登町/真脇/19-110,37.30869058686779,137.2085529326163,11:00 - 14:00/17:00 - 20:00 ■ 営業時間/※予約制,完全予約制,-,-,
17009705,8番らーめん 能登柳田店,ラーメン,3.03,28,https://tabelog.com/ishikawa/A1704/A170403/17009705/,石川県/鳳珠郡能登町/天坂/ろ-91,37.350437156807416,137.10224712311248,11:00 - 22:00,予約可,～￥999,～￥999,
17000920,民宿 ふらっと,料理旅館、イタリアン,3.72,31,https://tabelog.com/ishikawa/A1704/A170403/17000920/,石川県/鳳珠郡能登町/矢波/27-26-3,37.28037641685097,137.09928941240688,■ 営業時間/昼食は12:30から、夕食は18:30からのみ（時間指定）,完全予約制,"￥20,000～￥29,999",-,
17010050,もりもり寿し 能登総本店,回転寿司,3.61,100,https://tabelog.com/ishikawa/A1704/A170403/17010050/,石川県/鳳珠郡能登町/宇出津新港/3-3,37.29843790685556,137.149705442554,月・火・水・木・金/11:00 - 15:00/L.O. 料理14:30/17:00 - 21:00/土・日・祝日/11:00 - 21:00,予約不可,"￥2,000～￥2,999","￥3,000～￥3,999",2016年3月30日
17004567,百楽荘,料理旅館、日本料理,3.6,104,https://tabelog.com/ishikawa/A1704/A170403/17004567/,石川県/鳳珠郡能登町/越坂/11-34,37.3103154968744,137.23254738261585,,完全予約制,"￥20,000～￥29,999",-,
17000192,マルガージェラート 能登本店,ジェラート・アイスクリーム,3.58,324,https://tabelog.com/ishikawa/A1704/A170403/17000192/,石川県/鳳珠郡能登町/瑞穂/163-1,37.2809297768325,137.04240003245232,月・火・木・金・土・日・祝日/11:00 - 17:00/水/定休日 年末年始は休みです。,予約不可,-,～￥999,1999年6月
17009698,津久司,寿司、海鮮,3.3,32,https://tabelog.com/ishikawa/A1704/A170403/17009698/,石川県/鳳珠郡能登町/宇出津新/97-1,37.308039726849564,137.15006154265072,火・水・木・金・土/11:30 - 14:00/17:00 - 22:00/月・日/定休日 ■ 営業時間/17:00～22:00 ※要予約/■ 定休日/最終土曜日,予約可,-,～￥999,
17000120,夢一輪館,そば、郷土料理,3.25,35,https://tabelog.com/ishikawa/A1704/A170403/17000120/,石川県/鳳珠郡能登町/当目/28-1,37.3357275067888,137.01447699302543,火・水・木・金・土・日/11:00 - 17:00/月/定休日 ■ 営業時間/日没まで/■ 定休日/月曜日（祝日の場合は営業）,予約可,-,"￥1,000～￥1,999",
17000693,日本海倶楽部,ヨーロッパ料理、ビアバー、ビアホール,3.22,37,https://tabelog.com/ishikawa/A1704/A170403/17000693/,石川県/鳳珠郡能登町/立壁/92,37.33728186686548,137.25835001287015,月・火・木・金・土・日/11:30 - 22:00/水/定休日 ■ 営業時間/冬季は21:00まで,予約可,-,"￥1,000～￥1,999",
17001221,紅寿し,寿司,3.17,19,https://tabelog.com/ishikawa/A1704/A170403/17001221/,石川県/鳳珠郡能登町/字宇出津新194-2,37.30672636685025,137.1495853926378,11:00 - 00:00 ■ 定休日/第2、4木曜日,予約可,-,"￥2,000～￥2,999",
17012282,イカの駅 つくモール,その他,3.14,59,https://tabelog.com/ishikawa/A1704/A170403/17012282/,石川県/鳳珠郡能登町/字越坂18字18-1,37.312471086872385,137.23050871263905,月・火・木・金・土・日/11:00 - 14:30/水/定休日 ■ 営業時間/11:00～14:30(L.O) ※レストラン営業時間/売店など施設は9:30～17:00,予約不可,-,"￥1,000～￥1,999",2020年6月20日
17006338,真脇ポーレポーレ,旅館・民宿,3.14,11,https://tabelog.com/ishikawa/A1704/A170403/17006338/,石川県/鳳珠郡能登町/真脇/19-110,37.30869058686779,137.2085529326163,11:00 - 14:00/17:00 - 20:00 ■ 営業時間/※予約制,完全予約制,-,-,
17000120,夢一輪館,そば、郷土料理,3.25,35,https://tabelog.com/ishikawa/A1704/A170403/17000120/,石川県/鳳珠郡能登町/当目/28-1,37.3357275067888,137.01447699302543,火・水・木・金・土・日/11:00 - 17:00/月/定休日 ■ 営業時間/日没まで/■ 定休日/月曜日（祝日の場合は営業）,予約可,-,"￥1,000～￥1,999",
17000920,民宿 ふらっと,料理旅館、イタリアン,3.72,31,https://tabelog.com/ishikawa/A1704/A170403/17000920/,石川県/鳳珠郡能登町/矢波/27-26-3,37.28037641685097,137.09928941240688,■ 営業時間/昼食は12:30から、夕食は18:30からのみ（時間指定）,完全予約制,"￥20,000～￥29,999",-,
17010050,もりもり寿し 能登総本店,回転寿司,3.61,100,https://tabelog.com/ishikawa/A1704/A170403/17010050/,石川県/鳳珠郡能登町/宇出津新港/3-3,37.29843790685556,137.149705442554,月・火・水・木・金/11:00 - 15:00/L.O. 料理14:30/17:00 - 21:00/土・日・祝日/11:00 - 21:00,予約不可,"￥2,000～￥2,999","￥3,000～￥3,999",2016年3月30日
17004567,百楽荘,料理旅館、日本料理,3.6,104,https://tabelog.com/ishikawa/A1704/A170403/17004567/,石川県/鳳珠郡能登町/越坂/11-34,37.3103154968744,137.23254738261585,,完全予約制,"￥20,000～￥29,999",-,
17000192,マルガージェラート 能登本店,ジェラート・アイスクリーム,3.58,324,https://tabelog.com/ishikawa/A1704/A170403/17000192/,石川県/鳳珠郡能登町/瑞穂/163-1,37.2809297768325,137.04240003245232,月・火・木・金・土・日・祝日/11:00 - 17:00/水/定休日 年末年始は休みです。,予約不可,-,～￥999,1999年6月
17009698,津久司,寿司、海鮮,3.3,32,https://tabelog.com/ishikawa/A1704/A170403/17009698/,石川県/鳳珠郡能登町/宇出津新/97-1,37.308039726849564,137.15006154265072,火・水・木・金・土/11:30 - 14:00/17:00 - 22:00/月・日/定休日 ■ 営業時間/17:00～22:00 ※要予約/■ 定休日/最終土曜日,予約可,-,～￥999,
17000693,日本海倶楽部,ヨーロッパ料理、ビアバー、ビアホール,3.22,37,https://tabelog.com/ishikawa/A1704/A170403/17000693/,石川県/鳳珠郡能登町/立壁/92,37.33728186686548,137.25835001287015,月・火・木・金・土・日/11:30 - 22:00/水/定休日 ■ 営業時間/冬季は21:00まで,予約可,-,"￥1,000～￥1,999",
17001221,紅寿し,寿司,3.17,19,https://tabelog.com/ishikawa/A1704/A170403/17001221/,石川県/鳳珠郡能登町/字宇出津新194-2,37.30672636685025,137.1495853926378,11:00 - 00:00 ■ 定休日/第2、4木曜日,予約可,-,"￥2,000～￥2,999",
17012282,イカの駅 つくモール,その他,3.14,59,https://tabelog.com/ishikawa/A1704/A170403/17012282/,石川県/鳳珠郡能登町/字越坂18字18-1,37.312471086872385,137.23050871263905,月・火・木・金・土・日/11:00 - 14:30/水/定休日 ■ 営業時間/11:00～14:30(L.O) ※レストラン営業時間/売店など施設は9:30～17:00,予約不可,-,"￥1,000～￥1,999",2020年6月20日
17006338,真脇ポーレポーレ,旅館・民宿,3.14,11,https://tabelog.com/ishikawa/A1704/A170403/17006338/,石川県/鳳珠郡能登町/真脇/19-110,37.30869058686779,137.2085529326163,11:00 - 14:00/17:00 - 20:00 ■ 営業時間/※予約制,完全予約制,-,-,
17009053,ケロンの小さな村,パン、ピザ,3.02,5,https://tabelog.com/ishikawa/A1704/A170403/17009053/,石川県/鳳珠郡能登町/中斉/た部26,37.335983909246174,137.02323732911205,土・日/10:00 - 17:00/月・火・水・木・金/定休日,予約可,-,-,
17000920,民宿 ふらっと,料理旅館、イタリアン,3.72,31,https://tabelog.com/ishikawa/A1704/A170403/17000920/,石川県/鳳珠郡能登町/矢波/27-26-3,37.28037641685097,137.09928941240688,■ 営業時間/昼食は12:30から、夕食は18:30からのみ（時間指定）,完全予約制,"￥20,000～￥29,999",-,
17010050,もりもり寿し 能登総本店,回転寿司,3.61,100,https://tabelog.com/ishikawa/A1704/A170403/17010050/,石川県/鳳珠郡能登町/宇出津新港/3-3,37.29843790685556,137.149705442554,月・火・水・木・金/11:00 - 15:00/L.O. 料理14:30/17:00 - 21:00/土・日・祝日/11:00 - 21:00,予約不可,"￥2,000～￥2,999","￥3,000～￥3,999",2016年3月30日
17004567,百楽荘,料理旅館、日本料理,3.6,104,https://tabelog.com/ishikawa/A1704/A170403/17004567/,石川県/鳳珠郡能登町/越坂/11-34,37.3103154968744,137.23254738261585,,完全予約制,"￥20,000～￥29,999",-,
17000192,マルガージェラート 能登本店,ジェラート・アイスクリーム,3.58,324,https://tabelog.com/ishikawa/A1704/A170403/17000192/,石川県/鳳珠郡能登町/瑞穂/163-1,37.2809297768325,137.04240003245232,月・火・木・金・土・日・祝日/11:00 - 17:00/水/定休日 年末年始は休みです。,予約不可,-,～￥999,1999年6月
17009698,津久司,寿司、海鮮,3.3,32,https://tabelog.com/ishikawa/A1704/A170403/17009698/,石川県/鳳珠郡能登町/宇出津新/97-1,37.308039726849564,137.15006154265072,火・水・木・金・土/11:30 - 14:00/17:00 - 22:00/月・日/定休日 ■ 営業時間/17:00～22:00 ※要予約/■ 定休日/最終土曜日,予約可,-,～￥999,
17000120,夢一輪館,そば、郷土料理,3.25,35,https://tabelog.com/ishikawa/A1704/A170403/17000120/,石川県/鳳珠郡能登町/当目/28-1,37.3357275067888,137.01447699302543,火・水・木・金・土・日/11:00 - 17:00/月/定休日 ■ 営業時間/日没まで/■ 定休日/月曜日（祝日の場合は営業）,予約可,-,"￥1,000～￥1,999",
17000693,日本海倶楽部,ヨーロッパ料理、ビアバー、ビアホール,3.22,37,https://tabelog.com/ishikawa/A1704/A170403/17000693/,石川県/鳳珠郡能登町/立壁/92,37.33728186686548,137.25835001287015,月・火・木・金・土・日/11:30 - 22:00/水/定休日 ■ 営業時間/冬季は21:00まで,予約可,-,"￥1,000～￥1,999",
17001221,紅寿し,寿司,3.17,19,https://tabelog.com/ishikawa/A1704/A170403/17001221/,石川県/鳳珠郡能登町/字宇出津新194-2,37.30672636685025,137.1495853926378,11:00 - 00:00 ■ 定休日/第2、4木曜日,予約可,-,"￥2,000～￥2,999",
17012282,イカの駅 つくモール,その他,3.14,59,https://tabelog.com/ishikawa/A1704/A170403/17012282/,石川県/鳳珠郡能登町/字越坂18字18-1,37.312471086872385,137.23050871263905,月・火・木・金・土・日/11:00 - 14:30/水/定休日 ■ 営業時間/11:00～14:30(L.O) ※レストラン営業時間/売店など施設は9:30～17:00,予約不可,-,"￥1,000～￥1,999",2020年6月20日
17006338,真脇ポーレポーレ,旅館・民宿,3.14,11,https://tabelog.com/ishikawa/A1704/A170403/17006338/,石川県/鳳珠郡能登町/真脇/19-110,37.30869058686779,137.2085529326163,11:00 - 14:00/17:00 - 20:00 ■ 営業時間/※予約制,完全予約制,-,-,
17007007,レストラン大樹,ステーキ,3.04,6,https://tabelog.com/ishikawa/A1704/A170402/17007007/,石川県/鳳珠郡能登町/布浦/71-2,37.3489349468552,137.24927602299425,11:00 - 14:00 ■ 定休日/不定休/◾️コロナ禍以降はランチ営業のみにしているそう。,,-,-,
17000920,民宿 ふらっと,料理旅館、イタリアン,3.72,31,https://tabelog.com/ishikawa/A1704/A170403/17000920/,石川県/鳳珠郡能登町/矢波/27-26-3,37.28037641685097,137.09928941240688,■ 営業時間/昼食は12:30から、夕食は18:30からのみ（時間指定）,完全予約制,"￥20,000～￥29,999",-,
17010050,もりもり寿し 能登総本店,回転寿司,3.61,100,https://tabelog.com/ishikawa/A1704/A170403/17010050/,石川県/鳳珠郡能登町/宇出津新港/3-3,37.29843790685556,137.149705442554,月・火・水・木・金/11:00 - 15:00/L.O. 料理14:30/17:00 - 21:00/土・日・祝日/11:00 - 21:00,予約不可,"￥2,000～￥2,999","￥3,000～￥3,999",2016年3月30日
17004567,百楽荘,料理旅館、日本料理,3.6,104,https://tabelog.com/ishikawa/A1704/A170403/17004567/,石川県/鳳珠郡能登町/越坂/11-34,37.3103154968744,137.23254738261585,,完全予約制,"￥20,000～￥29,999",-,
17000192,マルガージェラート 能登本店,ジェラート・アイスクリーム,3.58,324,https://tabelog.com/ishikawa/A1704/A170403/17000192/,石川県/鳳珠郡能登町/瑞穂/163-1,37.2809297768325,137.04240003245232,月・火・木・金・土・日・祝日/11:00 - 17:00/水/定休日 年末年始は休みです。,予約不可,-,～￥999,1999年6月
17009698,津久司,寿司、海鮮,3.3,32,https://tabelog.com/ishikawa/A1704/A170403/17009698/,石川県/鳳珠郡能登町/宇出津新/97-1,37.308039726849564,137.15006154265072,火・水・木・金・土/11:30 - 14:00/17:00 - 22:00/月・日/定休日 ■ 営業時間/17:00～22:00 ※要予約/■ 定休日/最終土曜日,予約可,-,～￥999,
17000120,夢一輪館,そば、郷土料理,3.25,35,https://tabelog.com/ishikawa/A1704/A170403/17000120/,石川県/鳳珠郡能登町/当目/28-1,37.3357275067888,137.01447699302543,火・水・木・金・土・日/11:00 - 17:00/月/定休日 ■ 営業時間/日没まで/■ 定休日/月曜日（祝日の場合は営業）,予約可,-,"￥1,000～￥1,999",
17000693,日本海倶楽部,ヨーロッパ料理、ビアバー、ビアホール,3.22,37,https://tabelog.com/ishikawa/A1704/A170403/17000693/,石川県/鳳珠郡能登町/立壁/92,37.33728186686548,137.25835001287015,月・火・木・金・土・日/11:30 - 22:00/水/定休日 ■ 営業時間/冬季は21:00まで,予約可,-,"￥1,000～￥1,999",
17001221,紅寿し,寿司,3.17,19,https://tabelog.com/ishikawa/A1704/A170403/17001221/,石川県/鳳珠郡能登町/字宇出津新194-2,37.30672636685025,137.1495853926378,11:00 - 00:00 ■ 定休日/第2、4木曜日,予約可,-,"￥2,000～￥2,999",
17012282,イカの駅 つくモール,その他,3.14,59,https://tabelog.com/ishikawa/A1704/A170403/17012282/,石川県/鳳珠郡能登町/字越坂18字18-1,37.312471086872385,137.23050871263905,月・火・木・金・土・日/11:00 - 14:30/水/定休日 ■ 営業時間/11:00～14:30(L.O) ※レストラン営業時間/売店など施設は9:30～17:00,予約不可,-,"￥1,000～￥1,999",2020年6月20日
17006338,真脇ポーレポーレ,旅館・民宿,3.14,11,https://tabelog.com/ishikawa/A1704/A170403/17006338/,石川県/鳳珠郡能登町/真脇/19-110,37.30869058686779,137.2085529326163,11:00 - 14:00/17:00 - 20:00 ■ 営業時間/※予約制,完全予約制,-,-,
17012982,249,イタリアン、カフェ、ヨーロッパ料理,3.02,7,https://tabelog.com/ishikawa/A1704/A170403/17012982/,石川県/鳳珠郡能登町/波並/20-95-2,37.28496591431101,137.1118684283808,月・火・木・金・土・日/11:00 - 17:00/L.O. 16:30/18:00 - 23:00/水/定休日 ■ 定休日/不定休あり,予約可,"￥10,000～￥14,999","￥1,000～￥1,999",2021年7月30日
17015525,:Re Noto CREW,パスタ,3.72, - ,https://tabelog.com/ishikawa/A1704/A170403/17015525/,石川県/鳳珠郡能登町/波並/20-95-2,37.28496613685206,137.11186860244442,月・木・金・土・日/11:30 - 15:00/L.O. 14:30/16:30 - 20:30/L.O. 20:00/火・水/定休日 電話予約可(事前予約がおすすめ)/支払い現金のみ,予約可,-,-,2025年10月18日
17000920,民宿 ふらっと,料理旅館、イタリアン,3.61,31,https://tabelog.com/ishikawa/A1704/A170403/17000920/,石川県/鳳珠郡能登町/矢波/27-26-3,37.28037641685097,137.09928941240688,■ 営業時間/昼食は12:30から、夕食は18:30からのみ（時間指定）,完全予約制,"￥20,000～￥29,999",-,
17010050,もりもり寿し 能登総本店,回転寿司,3.6,100,https://tabelog.com/ishikawa/A1704/A170403/17010050/,石川県/鳳珠郡能登町/宇出津新港/3-3,37.29843790685556,137.149705442554,月・火・水・木・金/11:00 - 15:00/L.O. 料理14:30/17:00 - 21:00/土・日・祝日/11:00 - 21:00,予約不可,"￥2,000～￥2,999","￥3,000～￥3,999",2016年3月30日
17004567,百楽荘,料理旅館、日本料理,3.58,104,https://tabelog.com/ishikawa/A1704/A170403/17004567/,石川県/鳳珠郡能登町/越坂/11-34,37.3103154968744,137.23254738261585,,完全予約制,"￥20,000～￥29,999",-,
17000192,マルガージェラート 能登本店,ジェラート・アイスクリーム,3.3,324,https://tabelog.com/ishikawa/A1704/A170403/17000192/,石川県/鳳珠郡能登町/瑞穂/163-1,37.2809297768325,137.04240003245232,月・火・木・金・土・日・祝日/11:00 - 17:00/水/定休日 年末年始は休みです。,予約不可,-,～￥999,1999年6月
17009698,津久司,寿司、海鮮,3.25,32,https://tabelog.com/ishikawa/A1704/A170403/17009698/,石川県/鳳珠郡能登町/宇出津新/97-1,37.308039726849564,137.15006154265072,火・水・木・金・土/11:30 - 14:00/17:00 - 22:00/月・日/定休日 ■ 営業時間/17:00～22:00 ※要予約/■ 定休日/最終土曜日,予約可,-,～￥999,
17000120,夢一輪館,そば、郷土料理,3.22,35,https://tabelog.com/ishikawa/A1704/A170403/17000120/,石川県/鳳珠郡能登町/当目/28-1,37.3357275067888,137.01447699302543,火・水・木・金・土・日/11:00 - 17:00/月/定休日 ■ 営業時間/日没まで/■ 定休日/月曜日（祝日の場合は営業）,予約可,-,"￥1,000～￥1,999",
17000693,日本海倶楽部,ヨーロッパ料理、ビアバー、ビアホール,3.17,37,https://tabelog.com/ishikawa/A1704/A170403/17000693/,石川県/鳳珠郡能登町/立壁/92,37.33728186686548,137.25835001287015,月・火・木・金・土・日/11:30 - 22:00/水/定休日 ■ 営業時間/冬季は21:00まで,予約可,-,"￥1,000～￥1,999",
17001221,紅寿し,寿司,3.14,19,https://tabelog.com/ishikawa/A1704/A170403/17001221/,石川県/鳳珠郡能登町/字宇出津新194-2,37.30672636685025,137.1495853926378,11:00 - 00:00 ■ 定休日/第2、4木曜日,予約可,-,"￥2,000～￥2,999",
17012282,イカの駅 つくモール,その他,3.14,59,https://tabelog.com/ishikawa/A1704/A170403/17012282/,石川県/鳳珠郡能登町/字越坂18字18-1,37.312471086872385,137.23050871263905,月・火・木・金・土・日/11:00 - 14:30/水/定休日 ■ 営業時間/11:00～14:30(L.O) ※レストラン営業時間/売店など施設は9:30～17:00,予約不可,-,"￥1,000～￥1,999",2020年6月20日
17006338,真脇ポーレポーレ,旅館・民宿,0.0,11,https://tabelog.com/ishikawa/A1704/A170403/17006338/,石川県/鳳珠郡能登町/真脇/19-110,37.30869058686779,137.2085529326163,11:00 - 14:00/17:00 - 20:00 ■ 営業時間/※予約制,完全予約制,-,-,
17012881,能登パン ,パン、カフェ,3.05,6,https://tabelog.com/ishikawa/A1704/A170403/17012881/,石川県/鳳珠郡能登町/藤波/27-123-4,37.29160362685299,137.12801572250012,,,-,-,
17009235,ドライブイン藤波,食堂、麺類、丼,3.04,4,https://tabelog.com/ishikawa/A1704/A170403/17009235/,石川県/鳳珠郡能登町/藤波/18-79-3,37.296927566853725,137.14095692254486,火・水・木・金・土・日/11:00 - 20:00/月/定休日,,-,-,
17009965,パルフェ,カフェ,3.0,1,https://tabelog.com/ishikawa/A1704/A170403/17009965/,石川県/鳳珠郡能登町/藤波/15-27,37.30129057685249,137.14576620258552,月・火・木・金・土・日/11:00 - 18:00/水/定休日,予約不可,-,-,
17008734,樽,海鮮、居酒屋,3.72, - ,https://tabelog.com/ishikawa/A1704/A170403/17008734/,石川県/鳳珠郡能登町/藤波/16-135,37.299984766853946,137.14772163257098,月・火・水・木・金・土/17:30 - 22:00/日/定休日,,-,-,
17000920,民宿 ふらっと,料理旅館、イタリアン,3.61,31,https://tabelog.com/ishikawa/A1704/A170403/17000920/,石川県/鳳珠郡能登町/矢波/27-26-3,37.28037641685097,137.09928941240688,■ 営業時間/昼食は12:30から、夕食は18:30からのみ（時間指定）,完全予約制,"￥20,000～￥29,999",-,
17010050,もりもり寿し 能登総本店,回転寿司,3.6,100,https://tabelog.com/ishikawa/A1704/A170403/17010050/,石川県/鳳珠郡能登町/宇出津新港/3-3,37.29843790685556,137.149705442554,月・火・水・木・金/11:00 - 15:00/L.O. 料理14:30/17:00 - 21:00/土・日・祝日/11:00 - 21:00,予約不可,"￥2,000～￥2,999","￥3,000～￥3,999",2016年3月30日
17004567,百楽荘,料理旅館、日本料理,3.58,104,https://tabelog.com/ishikawa/A1704/A170403/17004567/,石川県/鳳珠郡能登町/越坂/11-34,37.3103154968744,137.23254738261585,,完全予約制,"￥20,000～￥29,999",-,
17000192,マルガージェラート 能登本店,ジェラート・アイスクリーム,3.3,324,https://tabelog.com/ishikawa/A1704/A170403/17000192/,石川県/鳳珠郡能登町/瑞穂/163-1,37.2809297768325,137.04240003245232,月・火・木・金・土・日・祝日/11:00 - 17:00/水/定休日 年末年始は休みです。,予約不可,-,～￥999,1999年6月
17009698,津久司,寿司、海鮮,3.25,32,https://tabelog.com/ishikawa/A1704/A170403/17009698/,石川県/鳳珠郡能登町/宇出津新/97-1,37.308039726849564,137.15006154265072,火・水・木・金・土/11:30 - 14:00/17:00 - 22:00/月・日/定休日 ■ 営業時間/17:00～22:00 ※要予約/■ 定休日/最終土曜日,予約可,-,～￥999,
17000120,夢一輪館,そば、郷土料理,3.22,35,https://tabelog.com/ishikawa/A1704/A170403/17000120/,石川県/鳳珠郡能登町/当目/28-1,37.3357275067888,137.01447699302543,火・水・木・金・土・日/11:00 - 17:00/月/定休日 ■ 営業時間/日没まで/■ 定休日/月曜日（祝日の場合は営業）,予約可,-,"￥1,000～￥1,999",
17000693,日本海倶楽部,ヨーロッパ料理、ビアバー、ビアホール,3.17,37,https://tabelog.com/ishikawa/A1704/A170403/17000693/,石川県/鳳珠郡能登町/立壁/92,37.33728186686548,137.25835001287015,月・火・木・金・土・日/11:30 - 22:00/水/定休日 ■ 営業時間/冬季は21:00まで,予約可,-,"￥1,000～￥1,999",
17001221,紅寿し,寿司,3.14,19,https://tabelog.com/ishikawa/A1704/A170403/17001221/,石川県/鳳珠郡能登町/字宇出津新194-2,37.30672636685025,137.1495853926378,11:00 - 00:00 ■ 定休日/第2、4木曜日,予約可,-,"￥2,000～￥2,999",
17012282,イカの駅 つくモール,その他,3.14,59,https://tabelog.com/ishikawa/A1704/A170403/17012282/,石川県/鳳珠郡能登町/字越坂18字18-1,37.312471086872385,137.23050871263905,月・火・木・金・土・日/11:00 - 14:30/水/定休日 ■ 営業時間/11:00～14:30(L.O) ※レストラン営業時間/売店など施設は9:30～17:00,予約不可,-,"￥1,000～￥1,999",2020年6月20日
17006338,真脇ポーレポーレ,旅館・民宿,0.0,11,https://tabelog.com/ishikawa/A1704/A170403/17006338/,石川県/鳳珠郡能登町/真脇/19-110,37.30869058686779,137.2085529326163,11:00 - 14:00/17:00 - 20:00 ■ 営業時間/※予約制,完全予約制,-,-,
17008747,横井商店,和菓子,3.72, - ,https://tabelog.com/ishikawa/A1704/A170402/17008747/,石川県/鳳珠郡能登町/松波/12-83-1,37.35322663685227,137.248649453038,07:00 - 19:00 ■ 定休日/不定休,,-,-,
17000920,民宿 ふらっと,料理旅館、イタリアン,3.61,31,https://tabelog.com/ishikawa/A1704/A170403/17000920/,石川県/鳳珠郡能登町/矢波/27-26-3,37.28037641685097,137.09928941240688,■ 営業時間/昼食は12:30から、夕食は18:30からのみ（時間指定）,完全予約制,"￥20,000～￥29,999",-,
17010050,もりもり寿し 能登総本店,回転寿司,3.6,100,https://tabelog.com/ishikawa/A1704/A170403/17010050/,石川県/鳳珠郡能登町/宇出津新港/3-3,37.29843790685556,137.149705442554,月・火・水・木・金/11:00 - 15:00/L.O. 料理14:30/17:00 - 21:00/土・日・祝日/11:00 - 21:00,予約不可,"￥2,000～￥2,999","￥3,000～￥3,999",2016年3月30日
17004567,百楽荘,料理旅館、日本料理,3.58,104,https://tabelog.com/ishikawa/A1704/A170403/17004567/,石川県/鳳珠郡能登町/越坂/11-34,37.3103154968744,137.23254738261585,,完全予約制,"￥20,000～￥29,999",-,
17000192,マルガージェラート 能登本店,ジェラート・アイスクリーム,3.3,324,https://tabelog.com/ishikawa/A1704/A170403/17000192/,石川県/鳳珠郡能登町/瑞穂/163-1,37.2809297768325,137.04240003245232,月・火・木・金・土・日・祝日/11:00 - 17:00/水/定休日 年末年始は休みです。,予約不可,-,～￥999,1999年6月
17009698,津久司,寿司、海鮮,3.25,32,https://tabelog.com/ishikawa/A1704/A170403/17009698/,石川県/鳳珠郡能登町/宇出津新/97-1,37.308039726849564,137.15006154265072,火・水・木・金・土/11:30 - 14:00/17:00 - 22:00/月・日/定休日 ■ 営業時間/17:00～22:00 ※要予約/■ 定休日/最終土曜日,予約可,-,～￥999,
17000120,夢一輪館,そば、郷土料理,3.22,35,https://tabelog.com/ishikawa/A1704/A170403/17000120/,石川県/鳳珠郡能登町/当目/28-1,37.3357275067888,137.01447699302543,火・水・木・金・土・日/11:00 - 17:00/月/定休日 ■ 営業時間/日没まで/■ 定休日/月曜日（祝日の場合は営業）,予約可,-,"￥1,000～￥1,999",
17000693,日本海倶楽部,ヨーロッパ料理、ビアバー、ビアホール,3.17,37,https://tabelog.com/ishikawa/A1704/A170403/17000693/,石川県/鳳珠郡能登町/立壁/92,37.33728186686548,137.25835001287015,月・火・木・金・土・日/11:30 - 22:00/水/定休日 ■ 営業時間/冬季は21:00まで,予約可,-,"￥1,000～￥1,999",
17001221,紅寿し,寿司,3.14,19,https://tabelog.com/ishikawa/A1704/A170403/17001221/,石川県/鳳珠郡能登町/字宇出津新194-2,37.30672636685025,137.1495853926378,11:00 - 00:00 ■ 定休日/第2、4木曜日,予約可,-,"￥2,000～￥2,999",
17012282,イカの駅 つくモール,その他,3.14,59,https://tabelog.com/ishikawa/A1704/A170403/17012282/,石川県/鳳珠郡能登町/字越坂18字18-1,37.312471086872385,137.23050871263905,月・火・木・金・土・日/11:00 - 14:30/水/定休日 ■ 営業時間/11:00～14:30(L.O) ※レストラン営業時間/売店など施設は9:30～17:00,予約不可,-,"￥1,000～￥1,999",2020年6月20日
17006338,真脇ポーレポーレ,旅館・民宿,0.0,11,https://tabelog.com/ishikawa/A1704/A170403/17006338/,石川県/鳳珠郡能登町/真脇/19-110,37.30869058686779,137.2085529326163,11:00 - 14:00/17:00 - 20:00 ■ 営業時間/※予約制,完全予約制,-,-,
17006338,真脇ポーレポーレ,旅館・民宿,3.14,11,https://tabelog.com/ishikawa/A1704/A170403/17006338/,石川県/鳳珠郡能登町/真脇/19-110,37.30869058686779,137.2085529326163,11:00 - 14:00/17:00 - 20:00 ■ 営業時間/※予約制,完全予約制,-,-,
17014485,AYAKO'S KITCHEN,サンドイッチ、洋菓子,3.72, - ,https://tabelog.com/ishikawa/A1704/A170403/17014485/,石川県/鳳珠郡能登町/真脇/44-91,37.302397348526156,137.20410945853726,11:00 - 16:00 [月～金・祝日]/マッハコーヒー、焼き菓子 11:00～16:00/[土・日]/ベーグルサンド、マッハコーヒー 11:00～16:00,,-,-,2022年6月5日
17000920,民宿 ふらっと,料理旅館、イタリアン,3.61,31,https://tabelog.com/ishikawa/A1704/A170403/17000920/,石川県/鳳珠郡能登町/矢波/27-26-3,37.28037641685097,137.09928941240688,■ 営業時間/昼食は12:30から、夕食は18:30からのみ（時間指定）,完全予約制,"￥20,000～￥29,999",-,
17010050,もりもり寿し 能登総本店,回転寿司,3.6,100,https://tabelog.com/ishikawa/A1704/A170403/17010050/,石川県/鳳珠郡能登町/宇出津新港/3-3,37.29843790685556,137.149705442554,月・火・水・木・金/11:00 - 15:00/L.O. 料理14:30/17:00 - 21:00/土・日・祝日/11:00 - 21:00,予約不可,"￥2,000～￥2,999","￥3,000～￥3,999",2016年3月30日
17004567,百楽荘,料理旅館、日本料理,3.58,104,https://tabelog.com/ishikawa/A1704/A170403/17004567/,石川県/鳳珠郡能登町/越坂/11-34,37.3103154968744,137.23254738261585,,完全予約制,"￥20,000～￥29,999",-,
17000192,マルガージェラート 能登本店,ジェラート・アイスクリーム,3.3,324,https://tabelog.com/ishikawa/A1704/A170403/17000192/,石川県/鳳珠郡能登町/瑞穂/163-1,37.2809297768325,137.04240003245232,月・火・木・金・土・日・祝日/11:00 - 17:00/水/定休日 年末年始は休みです。,予約不可,-,～￥999,1999年6月
17009698,津久司,寿司、海鮮,3.25,32,https://tabelog.com/ishikawa/A1704/A170403/17009698/,石川県/鳳珠郡能登町/宇出津新/97-1,37.308039726849564,137.15006154265072,火・水・木・金・土/11:30 - 14:00/17:00 - 22:00/月・日/定休日 ■ 営業時間/17:00～22:00 ※要予約/■ 定休日/最終土曜日,予約可,-,～￥999,
17000120,夢一輪館,そば、郷土料理,3.22,35,https://tabelog.com/ishikawa/A1704/A170403/17000120/,石川県/鳳珠郡能登町/当目/28-1,37.3357275067888,137.01447699302543,火・水・木・金・土・日/11:00 - 17:00/月/定休日 ■ 営業時間/日没まで/■ 定休日/月曜日（祝日の場合は営業）,予約可,-,"￥1,000～￥1,999",
17000693,日本海倶楽部,ヨーロッパ料理、ビアバー、ビアホール,3.17,37,https://tabelog.com/ishikawa/A1704/A170403/17000693/,石川県/鳳珠郡能登町/立壁/92,37.33728186686548,137.25835001287015,月・火・木・金・土・日/11:30 - 22:00/水/定休日 ■ 営業時間/冬季は21:00まで,予約可,-,"￥1,000～￥1,999",
17001221,紅寿し,寿司,3.14,19,https://tabelog.com/ishikawa/A1704/A170403/17001221/,石川県/鳳珠郡能登町/字宇出津新194-2,37.30672636685025,137.1495853926378,11:00 - 00:00 ■ 定休日/第2、4木曜日,予約可,-,"￥2,000～￥2,999",
17012282,イカの駅 つくモール,その他,0.0,59,https://tabelog.com/ishikawa/A1704/A170403/17012282/,石川県/鳳珠郡能登町/字越坂18字18-1,37.312471086872385,137.23050871263905,月・火・木・金・土・日/11:00 - 14:30/水/定休日 ■ 営業時間/11:00～14:30(L.O) ※レストラン営業時間/売店など施設は9:30～17:00,予約不可,-,"￥1,000～￥1,999",2020年6月20日
17000192,マルガージェラート 能登本店,ジェラート・アイスクリーム,3.58,324,https://tabelog.com/ishikawa/A1704/A170403/17000192/,石川県/鳳珠郡能登町/瑞穂/163-1,37.2809297768325,137.04240003245232,月・火・木・金・土・日・祝日/11:00 - 17:00/水/定休日 年末年始は休みです。,予約不可,-,～￥999,1999年6月
17011264,梅茶翁,カフェ、かき氷,3.01,2,https://tabelog.com/ishikawa/A1704/A170403/17011264/,石川県/鳳珠郡能登町/瑞穂/18-83,37.27802867683272,137.03726816242664,■ 定休日/不定休,,-,"￥1,000～￥1,999",
17008319,ぜんべ,旅館・民宿,3.72, - ,https://tabelog.com/ishikawa/A1704/A170403/17008319/,石川県/鳳珠郡能登町/瑞穂/9-151,37.27632663683712,137.04759360240266,■ 営業時間/お客様次第/■ 定休日/不定休,,-,-,
17000920,民宿 ふらっと,料理旅館、イタリアン,3.61,31,https://tabelog.com/ishikawa/A1704/A170403/17000920/,石川県/鳳珠郡能登町/矢波/27-26-3,37.28037641685097,137.09928941240688,■ 営業時間/昼食は12:30から、夕食は18:30からのみ（時間指定）,完全予約制,"￥20,000～￥29,999",-,
17010050,もりもり寿し 能登総本店,回転寿司,3.6,100,https://tabelog.com/ishikawa/A1704/A170403/17010050/,石川県/鳳珠郡能登町/宇出津新港/3-3,37.29843790685556,137.149705442554,月・火・水・木・金/11:00 - 15:00/L.O. 料理14:30/17:00 - 21:00/土・日・祝日/11:00 - 21:00,予約不可,"￥2,000～￥2,999","￥3,000～￥3,999",2016年3月30日
17004567,百楽荘,料理旅館、日本料理,3.3,104,https://tabelog.com/ishikawa/A1704/A170403/17004567/,石川県/鳳珠郡能登町/越坂/11-34,37.3103154968744,137.23254738261585,,完全予約制,"￥20,000～￥29,999",-,
17009698,津久司,寿司、海鮮,3.25,32,https://tabelog.com/ishikawa/A1704/A170403/17009698/,石川県/鳳珠郡能登町/宇出津新/97-1,37.308039726849564,137.15006154265072,火・水・木・金・土/11:30 - 14:00/17:00 - 22:00/月・日/定休日 ■ 営業時間/17:00～22:00 ※要予約/■ 定休日/最終土曜日,予約可,-,～￥999,
17000120,夢一輪館,そば、郷土料理,3.22,35,https://tabelog.com/ishikawa/A1704/A170403/17000120/,石川県/鳳珠郡能登町/当目/28-1,37.3357275067888,137.01447699302543,火・水・木・金・土・日/11:00 - 17:00/月/定休日 ■ 営業時間/日没まで/■ 定休日/月曜日（祝日の場合は営業）,予約可,-,"￥1,000～￥1,999",
17000693,日本海倶楽部,ヨーロッパ料理、ビアバー、ビアホール,3.17,37,https://tabelog.com/ishikawa/A1704/A170403/17000693/,石川県/鳳珠郡能登町/立壁/92,37.33728186686548,137.25835001287015,月・火・木・金・土・日/11:30 - 22:00/水/定休日 ■ 営業時間/冬季は21:00まで,予約可,-,"￥1,000～￥1,999",
17001221,紅寿し,寿司,3.14,19,https://tabelog.com/ishikawa/A1704/A170403/17001221/,石川県/鳳珠郡能登町/字宇出津新194-2,37.30672636685025,137.1495853926378,11:00 - 00:00 ■ 定休日/第2、4木曜日,予約可,-,"￥2,000～￥2,999",
17012282,イカの駅 つくモール,その他,3.14,59,https://tabelog.com/ishikawa/A1704/A170403/17012282/,石川県/鳳珠郡能登町/字越坂18字18-1,37.312471086872385,137.23050871263905,月・火・木・金・土・日/11:00 - 14:30/水/定休日 ■ 営業時間/11:00～14:30(L.O) ※レストラン営業時間/売店など施設は9:30～17:00,予約不可,-,"￥1,000～￥1,999",2020年6月20日
17006338,真脇ポーレポーレ,旅館・民宿,0.0,11,https://tabelog.com/ishikawa/A1704/A170403/17006338/,石川県/鳳珠郡能登町/真脇/19-110,37.30869058686779,137.2085529326163,11:00 - 14:00/17:00 - 20:00 ■ 営業時間/※予約制,完全予約制,-,-,
17008315,春蘭の宿,旅館・民宿,3.06,1,https://tabelog.com/ishikawa/A1704/A170403/17008315/,石川県/鳳珠郡能登町/宮地/16-9,37.30560809681085,137.02360845271477,■ 営業時間/お客様次第/■ 定休日/不定休,,-,-,
17000920,民宿 ふらっと,料理旅館、イタリアン,3.72,31,https://tabelog.com/ishikawa/A1704/A170403/17000920/,石川県/鳳珠郡能登町/矢波/27-26-3,37.28037641685097,137.09928941240688,■ 営業時間/昼食は12:30から、夕食は18:30からのみ（時間指定）,完全予約制,"￥20,000～￥29,999",-,
17010050,もりもり寿し 能登総本店,回転寿司,3.61,100,https://tabelog.com/ishikawa/A1704/A170403/17010050/,石川県/鳳珠郡能登町/宇出津新港/3-3,37.29843790685556,137.149705442554,月・火・水・木・金/11:00 - 15:00/L.O. 料理14:30/17:00 - 21:00/土・日・祝日/11:00 - 21:00,予約不可,"￥2,000～￥2,999","￥3,000～￥3,999",2016年3月30日
17004567,百楽荘,料理旅館、日本料理,3.6,104,https://tabelog.com/ishikawa/A1704/A170403/17004567/,石川県/鳳珠郡能登町/越坂/11-34,37.3103154968744,137.23254738261585,,完全予約制,"￥20,000～￥29,999",-,
17000192,マルガージェラート 能登本店,ジェラート・アイスクリーム,3.58,324,https://tabelog.com/ishikawa/A1704/A170403/17000192/,石川県/鳳珠郡能登町/瑞穂/163-1,37.2809297768325,137.04240003245232,月・火・木・金・土・日・祝日/11:00 - 17:00/水/定休日 年末年始は休みです。,予約不可,-,～￥999,1999年6月
17009698,津久司,寿司、海鮮,3.3,32,https://tabelog.com/ishikawa/A1704/A170403/17009698/,石川県/鳳珠郡能登町/宇出津新/97-1,37.308039726849564,137.15006154265072,火・水・木・金・土/11:30 - 14:00/17:00 - 22:00/月・日/定休日 ■ 営業時間/17:00～22:00 ※要予約/■ 定休日/最終土曜日,予約可,-,～￥999,
17000120,夢一輪館,そば、郷土料理,3.25,35,https://tabelog.com/ishikawa/A1704/A170403/17000120/,石川県/鳳珠郡能登町/当目/28-1,37.3357275067888,137.01447699302543,火・水・木・金・土・日/11:00 - 17:00/月/定休日 ■ 営業時間/日没まで/■ 定休日/月曜日（祝日の場合は営業）,予約可,-,"￥1,000～￥1,999",
17000693,日本海倶楽部,ヨーロッパ料理、ビアバー、ビアホール,3.22,37,https://tabelog.com/ishikawa/A1704/A170403/17000693/,石川県/鳳珠郡能登町/立壁/92,37.33728186686548,137.25835001287015,月・火・木・金・土・日/11:30 - 22:00/水/定休日 ■ 営業時間/冬季は21:00まで,予約可,-,"￥1,000～￥1,999",
17001221,紅寿し,寿司,3.17,19,https://tabelog.com/ishikawa/A1704/A170403/17001221/,石川県/鳳珠郡能登町/字宇出津新194-2,37.30672636685025,137.1495853926378,11:00 - 00:00 ■ 定休日/第2、4木曜日,予約可,-,"￥2,000～￥2,999",
17012282,イカの駅 つくモール,その他,3.14,59,https://tabelog.com/ishikawa/A1704/A170403/17012282/,石川県/鳳珠郡能登町/字越坂18字18-1,37.312471086872385,137.23050871263905,月・火・木・金・土・日/11:00 - 14:30/水/定休日 ■ 営業時間/11:00～14:30(L.O) ※レストラン営業時間/売店など施設は9:30～17:00,予約不可,-,"￥1,000～￥1,999",2020年6月20日
17006338,真脇ポーレポーレ,旅館・民宿,3.14,11,https://tabelog.com/ishikawa/A1704/A170403/17006338/,石川県/鳳珠郡能登町/真脇/19-110,37.30869058686779,137.2085529326163,11:00 - 14:00/17:00 - 20:00 ■ 営業時間/※予約制,完全予約制,-,-,
17009964,美好食堂,食堂,3.02,1,https://tabelog.com/ishikawa/A1704/A170403/17009964/,石川県/鳳珠郡能登町/柳田/梅134-5,37.369052206793185,137.09468546330578,月・火・水・木・金・土/11:00 - 14:00/17:00 - 20:30/日/11:00 - 14:00 ■ 定休日/不定休,予約不可,-,-,
17000920,民宿 ふらっと,料理旅館、イタリアン,3.72,31,https://tabelog.com/ishikawa/A1704/A170403/17000920/,石川県/鳳珠郡能登町/矢波/27-26-3,37.28037641685097,137.09928941240688,■ 営業時間/昼食は12:30から、夕食は18:30からのみ（時間指定）,完全予約制,"￥20,000～￥29,999",-,
17010050,もりもり寿し 能登総本店,回転寿司,3.61,100,https://tabelog.com/ishikawa/A1704/A170403/17010050/,石川県/鳳珠郡能登町/宇出津新港/3-3,37.29843790685556,137.149705442554,月・火・水・木・金/11:00 - 15:00/L.O. 料理14:30/17:00 - 21:00/土・日・祝日/11:00 - 21:00,予約不可,"￥2,000～￥2,999","￥3,000～￥3,999",2016年3月30日
17004567,百楽荘,料理旅館、日本料理,3.6,104,https://tabelog.com/ishikawa/A1704/A170403/17004567/,石川県/鳳珠郡能登町/越坂/11-34,37.3103154968744,137.23254738261585,,完全予約制,"￥20,000～￥29,999",-,
17000192,マルガージェラート 能登本店,ジェラート・アイスクリーム,3.58,324,https://tabelog.com/ishikawa/A1704/A170403/17000192/,石川県/鳳珠郡能登町/瑞穂/163-1,37.2809297768325,137.04240003245232,月・火・木・金・土・日・祝日/11:00 - 17:00/水/定休日 年末年始は休みです。,予約不可,-,～￥999,1999年6月
17009698,津久司,寿司、海鮮,3.3,32,https://tabelog.com/ishikawa/A1704/A170403/17009698/,石川県/鳳珠郡能登町/宇出津新/97-1,37.308039726849564,137.15006154265072,火・水・木・金・土/11:30 - 14:00/17:00 - 22:00/月・日/定休日 ■ 営業時間/17:00～22:00 ※要予約/■ 定休日/最終土曜日,予約可,-,～￥999,
17000120,夢一輪館,そば、郷土料理,3.25,35,https://tabelog.com/ishikawa/A1704/A170403/17000120/,石川県/鳳珠郡能登町/当目/28-1,37.3357275067888,137.01447699302543,火・水・木・金・土・日/11:00 - 17:00/月/定休日 ■ 営業時間/日没まで/■ 定休日/月曜日（祝日の場合は営業）,予約可,-,"￥1,000～￥1,999",
17000693,日本海倶楽部,ヨーロッパ料理、ビアバー、ビアホール,3.22,37,https://tabelog.com/ishikawa/A1704/A170403/17000693/,石川県/鳳珠郡能登町/立壁/92,37.33728186686548,137.25835001287015,月・火・木・金・土・日/11:30 - 22:00/水/定休日 ■ 営業時間/冬季は21:00まで,予約可,-,"￥1,000～￥1,999",
17001221,紅寿し,寿司,3.17,19,https://tabelog.com/ishikawa/A1704/A170403/17001221/,石川県/鳳珠郡能登町/字宇出津新194-2,37.30672636685025,137.1495853926378,11:00 - 00:00 ■ 定休日/第2、4木曜日,予約可,-,"￥2,000～￥2,999",
17012282,イカの駅 つくモール,その他,3.14,59,https://tabelog.com/ishikawa/A1704/A170403/17012282/,石川県/鳳珠郡能登町/字越坂18字18-1,37.312471086872385,137.23050871263905,月・火・木・金・土・日/11:00 - 14:30/水/定休日 ■ 営業時間/11:00～14:30(L.O) ※レストラン営業時間/売店など施設は9:30～17:00,予約不可,-,"￥1,000～￥1,999",2020年6月20日
17006338,真脇ポーレポーレ,旅館・民宿,3.14,11,https://tabelog.com/ishikawa/A1704/A170403/17006338/,石川県/鳳珠郡能登町/真脇/19-110,37.30869058686779,137.2085529326163,11:00 - 14:00/17:00 - 20:00 ■ 営業時間/※予約制,完全予約制,-,-,
17000920,民宿 ふらっと,料理旅館、イタリアン,3.72,31,https://tabelog.com/ishikawa/A1704/A170403/17000920/,石川県/鳳珠郡能登町/矢波/27-26-3,37.28037641685097,137.09928941240688,■ 営業時間/昼食は12:30から、夕食は18:30からのみ（時間指定）,完全予約制,"￥20,000～￥29,999",-,
17010050,もりもり寿し 能登総本店,回転寿司,3.61,100,https://tabelog.com/ishikawa/A1704/A170403/17010050/,石川県/鳳珠郡能登町/宇出津新港/3-3,37.29843790685556,137.149705442554,月・火・水・木・金/11:00 - 15:00/L.O. 料理14:30/17:00 - 21:00/土・日・祝日/11:00 - 21:00,予約不可,"￥2,000～￥2,999","￥3,000～￥3,999",2016年3月30日
17004567,百楽荘,料理旅館、日本料理,3.6,104,https://tabelog.com/ishikawa/A1704/A170403/17004567/,石川県/鳳珠郡能登町/越坂/11-34,37.3103154968744,137.23254738261585,,完全予約制,"￥20,000～￥29,999",-,
17000192,マルガージェラート 能登本店,ジェラート・アイスクリーム,3.58,324,https://tabelog.com/ishikawa/A1704/A170403/17000192/,石川県/鳳珠郡能登町/瑞穂/163-1,37.2809297768325,137.04240003245232,月・火・木・金・土・日・祝日/11:00 - 17:00/水/定休日 年末年始は休みです。,予約不可,-,～￥999,1999年6月
17009698,津久司,寿司、海鮮,3.3,32,https://tabelog.com/ishikawa/A1704/A170403/17009698/,石川県/鳳珠郡能登町/宇出津新/97-1,37.308039726849564,137.15006154265072,火・水・木・金・土/11:30 - 14:00/17:00 - 22:00/月・日/定休日 ■ 営業時間/17:00～22:00 ※要予約/■ 定休日/最終土曜日,予約可,-,～￥999,
17000120,夢一輪館,そば、郷土料理,3.25,35,https://tabelog.com/ishikawa/A1704/A170403/17000120/,石川県/鳳珠郡能登町/当目/28-1,37.3357275067888,137.01447699302543,火・水・木・金・土・日/11:00 - 17:00/月/定休日 ■ 営業時間/日没まで/■ 定休日/月曜日（祝日の場合は営業）,予約可,-,"￥1,000～￥1,999",
17000693,日本海倶楽部,ヨーロッパ料理、ビアバー、ビアホール,3.22,37,https://tabelog.com/ishikawa/A1704/A170403/17000693/,石川県/鳳珠郡能登町/立壁/92,37.33728186686548,137.25835001287015,月・火・木・金・土・日/11:30 - 22:00/水/定休日 ■ 営業時間/冬季は21:00まで,予約可,-,"￥1,000～￥1,999",
17001221,紅寿し,寿司,3.17,19,https://tabelog.com/ishikawa/A1704/A170403/17001221/,石川県/鳳珠郡能登町/字宇出津新194-2,37.30672636685025,137.1495853926378,11:00 - 00:00 ■ 定休日/第2、4木曜日,予約可,-,"￥2,000～￥2,999",
17012282,イカの駅 つくモール,その他,3.14,59,https://tabelog.com/ishikawa/A1704/A170403/17012282/,石川県/鳳珠郡能登町/字越坂18字18-1,37.312471086872385,137.23050871263905,月・火・木・金・土・日/11:00 - 14:30/水/定休日 ■ 営業時間/11:00～14:30(L.O) ※レストラン営業時間/売店など施設は9:30～17:00,予約不可,-,"￥1,000～￥1,999",2020年6月20日
17006338,真脇ポーレポーレ,旅館・民宿,3.14,11,https://tabelog.com/ishikawa/A1704/A170403/17006338/,石川県/鳳珠郡能登町/真脇/19-110,37.30869058686779,137.2085529326163,11:00 - 14:00/17:00 - 20:00 ■ 営業時間/※予約制,完全予約制,-,-,
