store_id,store_name,genre,rate,review_cnt,store_url,address,latitude,longitude,business_hours,reserve,dinner_budget,lunch_budget,opened
17001865,ラーメン藤,ラーメン,3.07,122,https://tabelog.com/ishikawa/A1701/A170102/17001865/,石川県/河北郡内灘町/アカシア/1-3-2,36.63388473630797,136.63383389504122,月・火・水・金・土・日/10:00 - 22:00/木/定休日,予約不可,～￥999,"￥1,000～￥1,999",
17014799,カマトコンロ,釜飯,3.06,8,https://tabelog.com/ishikawa/A1701/A170102/17014799/,石川県/河北郡内灘町/アカシア/1-126,36.634801957113226,136.63529119621123,月・水・木・日・祝前日/11:00 - 17:00/金・土/11:00 - 21:00/火/定休日,予約可,"￥2,000～￥2,999","￥1,000～￥1,999",2024年9月29日
17003492,さっちゃん,お好み焼き、たこ焼き,3.01,3,https://tabelog.com/ishikawa/A1701/A170102/17003492/,石川県/河北郡内灘町/アカシア/1-11,36.634223967112995,136.63341761620669,月・火・木・金・土・日/11:00 - 20:00/水/定休日,,-,～￥999,
17015080,SHENG しぇん,弁当,3.36,1,https://tabelog.com/ishikawa/A1701/A170102/17015080/,石川県/河北郡内灘町/アカシア/2-86,36.634000137114455,136.63754829620154,月・水・木・金/07:00 - 19:00/土・祝日/09:00 - 18:00/火・日/定休日 なくなり次第終了,,-,-,
17002004,アカシア,焼肉,3.34, - ,https://tabelog.com/ishikawa/A1701/A170102/17002004/,石川県/河北郡内灘町/アカシア/1-8,36.63401194060484,136.63522329592885,,,-,-,
17009242,らーめん la.la.la.,ラーメン,3.33,84,https://tabelog.com/ishikawa/A1701/A170102/17009242/,石川県/河北郡内灘町/向粟崎/5-247/ミリオン内灘店,36.63670617827925,136.6400746800854,火・水・木・金・土・日/11:30 - 14:30/17:30 - 21:30/L.O. 21:00/月/定休日 第三火曜日定休,予約不可,～￥999,"￥1,000～￥1,999",2014年10月23日
17000176,ミンライ,中華料理、ラーメン,3.25,59,https://tabelog.com/ishikawa/A1701/A170102/17000176/,石川県/河北郡内灘町/向陽台/1-1-4,36.63491698711254,136.6333782062137,月・火・水・木・金・土/11:25 - 14:00/日/定休日,予約可,"￥1,000～￥1,999","￥1,000～￥1,999",
17001070,夢ミルク館,ジェラート・アイスクリーム,3.21,49,https://tabelog.com/ishikawa/A1701/A170102/17001070/,石川県/河北郡内灘町/湖西/243,36.66841713710623,136.6803730965192,■10:00～17:00(pm5時まで）/■11月・２月は16：00(pm4時まで)/(2月は土日祝のみ営業),予約不可,-,-,
17013529,八百屋のスイーツ Horita 205 内灘店,ケーキ、ソフトクリーム、カフェ,3.21,31,https://tabelog.com/ishikawa/A1701/A170102/17013529/,石川県/河北郡内灘町/字大学1-4-1,36.65931505710203,136.64901655644923,09:00 - 19:00,,-,"￥1,000～￥1,999",
17001088,はづ貴,カレー、食堂,3.2,51,https://tabelog.com/ishikawa/A1701/A170102/17001088/,石川県/河北郡内灘町/鶴ヶ丘4-1-159,36.644081636302396,136.6366788951422,火・水・木・金・土・日/11:00 - 15:00/17:00 - 22:00/月/定休日 ■ 営業時間/【夜】17:00～22:00 ※予約のみ※,予約可,"￥5,000～￥5,999","￥1,000～￥1,999",2000年5月
17001063,ボングー,パン、ケーキ,3.17,31,https://tabelog.com/ishikawa/A1701/A170102/17001063/,石川県/河北郡内灘町/字向陽台1丁目213,36.6391866371109,136.63675062625452,月・火・金・土・日/07:00 - 19:00/水・木/定休日,予約可,-,-,
17000398,和乃食はねや,日本料理,3.16,39,https://tabelog.com/ishikawa/A1701/A170102/17000398/,石川県/河北郡内灘町/向陽台/1-12,36.635381936306956,136.6336341950565,月/11:20 - 14:20/L.O. 14:00/火/11:20 - 14:00/L.O. 13:40/水・木・金・土・日/11:20 - 14:00/L.O. 13:40/17:30 - 21:50/L.O. 21:30/祝日・祝前日/11:20 - 14:20/L.O. 14:00/17:00 - 21:20/L.O. 21:00 ■ 定休日/無休 (年末年始を除く),予約可,"￥5,000～￥5,999","￥1,000～￥1,999",1999年7月1日
17008548,内灘サンセットパーク,道の駅,3.13,20,https://tabelog.com/ishikawa/A1701/A170102/17008548/,石川県/河北郡内灘町/字大学1-4-1,36.65892263629697,136.6492531952833,09:00 - 18:00 ■ 定休日/年中無休(年末年始のみ休み),予約不可,-,-,
17013526,Horita PICNIC,弁当、カフェ,0.0,17,https://tabelog.com/ishikawa/A1701/A170102/17013526/,石川県/河北郡内灘町/大学/1-4-1/道の駅 内灘サンセットパーク,36.659292237101994,136.64888079644905,,予約不可,-,-,
17014597,Maison de Ako,ビストロ,0.0,8,https://tabelog.com/ishikawa/A1701/A170102/17014597/,石川県/河北郡内灘町/向陽台/1-17-1,36.6357019771122,136.6338816662213,火・水・木・日/10:30 - 15:00/L.O. 料理14:00/金・土/18:00 - 23:00/月/定休日,予約可,"￥3,000～￥3,999","￥1,000～￥1,999",2024年4月
17010468,樫田堂 内灘店,和菓子、大福,3.04,3,https://tabelog.com/ishikawa/A1701/A170102/17010468/,石川県/河北郡内灘町/旭ヶ丘112-2,36.62994341711529,136.6320986561644,月・火・水・金・土・日/09:00 - 17:00/木/定休日 ■ 定休日/不定休(SNSにて告知),,-,-,2015年4月11日
17008665,あさ井,和菓子,3.03,2,https://tabelog.com/ishikawa/A1701/A170102/17008665/,石川県/河北郡内灘町/旭ヶ丘285,36.631428827115116,136.6345165361777,月・水・木・金・土・日/09:00 - 18:30/火/定休日,,-,-,
17003367,はますけ,レストラン,3.36, - ,https://tabelog.com/ishikawa/A1701/A170102/17003367/,石川県/河北郡内灘町/旭ケ丘/225,36.63013438711561,136.63346991616535,,,-,-,
17009242,らーめん la.la.la.,ラーメン,3.34,84,https://tabelog.com/ishikawa/A1701/A170102/17009242/,石川県/河北郡内灘町/向粟崎/5-247/ミリオン内灘店,36.63670617827925,136.6400746800854,火・水・木・金・土・日/11:30 - 14:30/17:30 - 21:30/L.O. 21:00/月/定休日 第三火曜日定休,予約不可,～￥999,"￥1,000～￥1,999",2014年10月23日
17000176,ミンライ,中華料理、ラーメン,3.33,59,https://tabelog.com/ishikawa/A1701/A170102/17000176/,石川県/河北郡内灘町/向陽台/1-1-4,36.63491698711254,136.6333782062137,月・火・水・木・金・土/11:25 - 14:00/日/定休日,予約可,"￥1,000～￥1,999","￥1,000～￥1,999",
17001070,夢ミルク館,ジェラート・アイスクリーム,3.25,49,https://tabelog.com/ishikawa/A1701/A170102/17001070/,石川県/河北郡内灘町/湖西/243,36.66841713710623,136.6803730965192,■10:00～17:00(pm5時まで）/■11月・２月は16：00(pm4時まで)/(2月は土日祝のみ営業),予約不可,-,-,
17013529,八百屋のスイーツ Horita 205 内灘店,ケーキ、ソフトクリーム、カフェ,3.21,31,https://tabelog.com/ishikawa/A1701/A170102/17013529/,石川県/河北郡内灘町/字大学1-4-1,36.65931505710203,136.64901655644923,09:00 - 19:00,,-,"￥1,000～￥1,999",
17001088,はづ貴,カレー、食堂,3.21,51,https://tabelog.com/ishikawa/A1701/A170102/17001088/,石川県/河北郡内灘町/鶴ヶ丘4-1-159,36.644081636302396,136.6366788951422,火・水・木・金・土・日/11:00 - 15:00/17:00 - 22:00/月/定休日 ■ 営業時間/【夜】17:00～22:00 ※予約のみ※,予約可,"￥5,000～￥5,999","￥1,000～￥1,999",2000年5月
17001063,ボングー,パン、ケーキ,3.2,31,https://tabelog.com/ishikawa/A1701/A170102/17001063/,石川県/河北郡内灘町/字向陽台1丁目213,36.6391866371109,136.63675062625452,月・火・金・土・日/07:00 - 19:00/水・木/定休日,予約可,-,-,
17000398,和乃食はねや,日本料理,3.17,39,https://tabelog.com/ishikawa/A1701/A170102/17000398/,石川県/河北郡内灘町/向陽台/1-12,36.635381936306956,136.6336341950565,月/11:20 - 14:20/L.O. 14:00/火/11:20 - 14:00/L.O. 13:40/水・木・金・土・日/11:20 - 14:00/L.O. 13:40/17:30 - 21:50/L.O. 21:30/祝日・祝前日/11:20 - 14:20/L.O. 14:00/17:00 - 21:20/L.O. 21:00 ■ 定休日/無休 (年末年始を除く),予約可,"￥5,000～￥5,999","￥1,000～￥1,999",1999年7月1日
17008548,内灘サンセットパーク,道の駅,3.16,20,https://tabelog.com/ishikawa/A1701/A170102/17008548/,石川県/河北郡内灘町/字大学1-4-1,36.65892263629697,136.6492531952833,09:00 - 18:00 ■ 定休日/年中無休(年末年始のみ休み),予約不可,-,-,
17013526,Horita PICNIC,弁当、カフェ,3.13,17,https://tabelog.com/ishikawa/A1701/A170102/17013526/,石川県/河北郡内灘町/大学/1-4-1/道の駅 内灘サンセットパーク,36.659292237101994,136.64888079644905,,予約不可,-,-,
17014597,Maison de Ako,ビストロ,0.0,8,https://tabelog.com/ishikawa/A1701/A170102/17014597/,石川県/河北郡内灘町/向陽台/1-17-1,36.6357019771122,136.6338816662213,火・水・木・日/10:30 - 15:00/L.O. 料理14:00/金・土/18:00 - 23:00/月/定休日,予約可,"￥3,000～￥3,999","￥1,000～￥1,999",2024年4月
17007326,鳥珍や 内灘店,鳥料理,3.01,6,https://tabelog.com/ishikawa/A1701/A170102/17007326/,石川県/河北郡内灘町/大根布/6丁目109,36.64956064710664,136.64405448635415,火・水・木・金・土・日/18:00 - 02:00/L.O. 01:00/月/定休日,予約可,-,-,
17002718,勝烈 はまゆう,とんかつ,3.01,3,https://tabelog.com/ishikawa/A1701/A170102/17002718/,石川県/河北郡内灘町/大根布/7-133-1,36.65224217710542,136.6455669763802,月・火・水・木・金・土/18:00 - 23:00/日/定休日 ■ 営業時間/18:00～23:00頃（マスターの体調と客足次第）,,-,-,
17013292,ほっともっと 内灘店,弁当,3.01,3,https://tabelog.com/ishikawa/A1701/A170102/17013292/,石川県/河北郡内灘町/大根布/7-122,36.65100428710593,136.64469871636828,10:00 - 21:00,予約可,～￥999,～￥999,
17014826,ひまわり堂,ケーキ、カレー,0.0,1,https://tabelog.com/ishikawa/A1701/A170102/17014826/,石川県/河北郡内灘町/大根布/7-68,36.65144134710618,136.64636567637152,木・金・土・日/11:00 - 17:00/月・火・水/定休日,,-,-,2024年9月12日
17015428,うまし,その他,0.0,1,https://tabelog.com/ishikawa/A1701/A170102/17015428/,石川県/河北郡内灘町/大根布/7-121/タイガー薬局,36.650812537106034,136.6446116963664,月・火・水・木・金/09:00 - 12:00/14:00 - 17:00/土/09:00 - 13:00/日/定休日,,-,-,2025年8月1日
17001638,満理紅,中華料理,0.0,1,https://tabelog.com/ishikawa/A1701/A170102/17001638/,石川県/河北郡内灘町/大根布/6-69-11,36.64887425710697,136.64373248634746,,,-,-,
17013021,自家焙煎工房 ひだまり,カフェ、喫茶店、スイーツ,0.0,1,https://tabelog.com/ishikawa/A1701/A170102/17013021/,石川県/河北郡内灘町/大根布/と202-5/社会福祉法人 うちなだの里,36.64947841299256,136.63948664086502,月・火・木・金/10:00 - 15:00/水/10:00 - 13:00/土・日・祝日/定休日,,-,-,
17015349,みのりの食卓 客楽多,喫茶店、バー,0.0,1,https://tabelog.com/ishikawa/A1701/A170102/17015349/,石川県/河北郡内灘町/大根布/6-69-3,36.64830554105778,136.6432932454158,,,-,-,
17005835,なべちゃん,居酒屋,0.0, - ,https://tabelog.com/ishikawa/A1701/A170102/17005835/,石川県/河北郡内灘町/大根布/7-52,36.65164663630112,136.6477278952109,,,-,-,
17002006,よし,焼肉,0.0, - ,https://tabelog.com/ishikawa/A1701/A170102/17002006/,石川県/河北郡内灘町/大根布/6-110,36.649713184827895,136.6440190425291,,,-,-,
17003435,いさり火,レストラン,0.0, - ,https://tabelog.com/ishikawa/A1701/A170102/17003435/,石川県/河北郡内灘町/大根布/7-127-1,36.65157911840687,136.64502691735865,,,-,-,
17000176,ミンライ,中華料理、ラーメン,3.34,59,https://tabelog.com/ishikawa/A1701/A170102/17000176/,石川県/河北郡内灘町/向陽台/1-1-4,36.63491698711254,136.6333782062137,月・火・水・木・金・土/11:25 - 14:00/日/定休日,予約可,"￥1,000～￥1,999","￥1,000～￥1,999",
17000398,和乃食はねや,日本料理,3.2,39,https://tabelog.com/ishikawa/A1701/A170102/17000398/,石川県/河北郡内灘町/向陽台/1-12,36.635381936306956,136.6336341950565,月/11:20 - 14:20/L.O. 14:00/火/11:20 - 14:00/L.O. 13:40/水・木・金・土・日/11:20 - 14:00/L.O. 13:40/17:30 - 21:50/L.O. 21:30/祝日・祝前日/11:20 - 14:20/L.O. 14:00/17:00 - 21:20/L.O. 21:00 ■ 定休日/無休 (年末年始を除く),予約可,"￥5,000～￥5,999","￥1,000～￥1,999",1999年7月1日
17014597,Maison de Ako,ビストロ,3.13,8,https://tabelog.com/ishikawa/A1701/A170102/17014597/,石川県/河北郡内灘町/向陽台/1-17-1,36.6357019771122,136.6338816662213,火・水・木・日/10:30 - 15:00/L.O. 料理14:00/金・土/18:00 - 23:00/月/定休日,予約可,"￥3,000～￥3,999","￥1,000～￥1,999",2024年4月
17000375,内灘市場,居酒屋、焼き鳥,3.04,5,https://tabelog.com/ishikawa/A1701/A170102/17000375/,石川県/河北郡内灘町/向陽台/1-76,36.6358347471115,136.631950936224,火・水・木・金・土・日/17:00 - 00:00/L.O. 23:30/月/定休日,予約可,-,-,
17005556,炭火焼鳥 居酒屋 しんちゃん,居酒屋、ホルモン、焼き鳥,3.03,2,https://tabelog.com/ishikawa/A1701/A170102/17005556/,石川県/河北郡内灘町/向陽台/1-186/シティハウスジョイ １Ｆ,36.63869303711063,136.6348842562508,■ 営業時間/コロナ過の影響により、予約が有りましたら21時以降でも入店を受け入れ終日営業していますが、予約が無い場合早期閉店しております。/遅く来られる際は、是非、事前にご予約して下さい。/早くコロナが終息して賑わいが戻って欲しい物です。/■定休日/火曜日,予約可,"￥4,000～￥4,999",-,2009年8月8日
17011652,ジュゲゾウ カフェ 内灘店,スイーツ、クレープ・ガレット,3.02,3,https://tabelog.com/ishikawa/A1701/A170102/17011652/,石川県/河北郡内灘町/向陽台/1-198,36.637653036306084,136.63547789507814,月・火・水・木・土・日/11:30 - 20:30/金/定休日,,-,～￥999,
17011623,ミーノ,カフェ,3.02,1,https://tabelog.com/ishikawa/A1701/A170102/17011623/,石川県/河北郡内灘町/向陽台/1-219,36.63990434711058,136.63716904626145,月・火・水・木・金/11:00 - 16:00/土・日・祝日/定休日,,-,～￥999,
17014991,居酒屋 あぐり,居酒屋,3.02,1,https://tabelog.com/ishikawa/A1701/A170102/17014991/,石川県/河北郡内灘町/向陽台/1-182/UMESHINビル 1F,36.638977957110285,136.634394186254,月・火・水・木・金・土/18:00 - 00:00/日/定休日,,-,-,
17003518,たこやきはうす,たこ焼き,3.01,1,https://tabelog.com/ishikawa/A1701/A170102/17003518/,石川県/河北郡内灘町/向陽台/1-10,36.635068327112485,136.63350817621517,火・水・木・金・土・日/11:00 - 19:00/月/定休日,,-,～￥999,
17003709,志のぶ,おでん,0.0, - ,https://tabelog.com/ishikawa/A1701/A170102/17003709/,石川県/河北郡内灘町/向陽台/2-11-1,36.636695077110645,136.63098593623337,,予約可,-,-,
17002254,味処ゆき味,日本料理,0.0, - ,https://tabelog.com/ishikawa/A1701/A170102/17002254/,石川県/河北郡内灘町/向陽台/1-186,36.638691985595386,136.6348425231852,,,-,-,
17001070,夢ミルク館,ジェラート・アイスクリーム,3.33,49,https://tabelog.com/ishikawa/A1701/A170102/17001070/,石川県/河北郡内灘町/湖西/243,36.66841713710623,136.6803730965192,■10:00～17:00(pm5時まで）/■11月・２月は16：00(pm4時まで)/(2月は土日祝のみ営業),予約不可,-,-,
17008024,ポコ ア ポコ,ジェラート・アイスクリーム,3.11,15,https://tabelog.com/ishikawa/A1701/A170101/17008024/,石川県/河北郡内灘町/湖西/316,36.68013420710198,136.6904082866305,■ 営業時間/10:00～夕暮れまで/■定休日/日曜・月曜,,-,-,
17009242,らーめん la.la.la.,ラーメン,3.36,84,https://tabelog.com/ishikawa/A1701/A170102/17009242/,石川県/河北郡内灘町/向粟崎/5-247/ミリオン内灘店,36.63670617827925,136.6400746800854,火・水・木・金・土・日/11:30 - 14:30/17:30 - 21:30/L.O. 21:00/月/定休日 第三火曜日定休,予約不可,～￥999,"￥1,000～￥1,999",2014年10月23日
17000176,ミンライ,中華料理、ラーメン,3.34,59,https://tabelog.com/ishikawa/A1701/A170102/17000176/,石川県/河北郡内灘町/向陽台/1-1-4,36.63491698711254,136.6333782062137,月・火・水・木・金・土/11:25 - 14:00/日/定休日,予約可,"￥1,000～￥1,999","￥1,000～￥1,999",
17013529,八百屋のスイーツ Horita 205 内灘店,ケーキ、ソフトクリーム、カフェ,3.25,31,https://tabelog.com/ishikawa/A1701/A170102/17013529/,石川県/河北郡内灘町/字大学1-4-1,36.65931505710203,136.64901655644923,09:00 - 19:00,,-,"￥1,000～￥1,999",
17001088,はづ貴,カレー、食堂,3.21,51,https://tabelog.com/ishikawa/A1701/A170102/17001088/,石川県/河北郡内灘町/鶴ヶ丘4-1-159,36.644081636302396,136.6366788951422,火・水・木・金・土・日/11:00 - 15:00/17:00 - 22:00/月/定休日 ■ 営業時間/【夜】17:00～22:00 ※予約のみ※,予約可,"￥5,000～￥5,999","￥1,000～￥1,999",2000年5月
17001063,ボングー,パン、ケーキ,3.21,31,https://tabelog.com/ishikawa/A1701/A170102/17001063/,石川県/河北郡内灘町/字向陽台1丁目213,36.6391866371109,136.63675062625452,月・火・金・土・日/07:00 - 19:00/水・木/定休日,予約可,-,-,
17000398,和乃食はねや,日本料理,3.2,39,https://tabelog.com/ishikawa/A1701/A170102/17000398/,石川県/河北郡内灘町/向陽台/1-12,36.635381936306956,136.6336341950565,月/11:20 - 14:20/L.O. 14:00/火/11:20 - 14:00/L.O. 13:40/水・木・金・土・日/11:20 - 14:00/L.O. 13:40/17:30 - 21:50/L.O. 21:30/祝日・祝前日/11:20 - 14:20/L.O. 14:00/17:00 - 21:20/L.O. 21:00 ■ 定休日/無休 (年末年始を除く),予約可,"￥5,000～￥5,999","￥1,000～￥1,999",1999年7月1日
17008548,内灘サンセットパーク,道の駅,3.17,20,https://tabelog.com/ishikawa/A1701/A170102/17008548/,石川県/河北郡内灘町/字大学1-4-1,36.65892263629697,136.6492531952833,09:00 - 18:00 ■ 定休日/年中無休(年末年始のみ休み),予約不可,-,-,
17013526,Horita PICNIC,弁当、カフェ,3.16,17,https://tabelog.com/ishikawa/A1701/A170102/17013526/,石川県/河北郡内灘町/大学/1-4-1/道の駅 内灘サンセットパーク,36.659292237101994,136.64888079644905,,予約不可,-,-,
17014597,Maison de Ako,ビストロ,3.13,8,https://tabelog.com/ishikawa/A1701/A170102/17014597/,石川県/河北郡内灘町/向陽台/1-17-1,36.6357019771122,136.6338816662213,火・水・木・日/10:30 - 15:00/L.O. 料理14:00/金・土/18:00 - 23:00/月/定休日,予約可,"￥3,000～￥3,999","￥1,000～￥1,999",2024年4月
17012747,iWAFFLE cafe,カフェ,3.1,11,https://tabelog.com/ishikawa/A1701/A170102/17012747/,石川県/河北郡内灘町/白帆台/1-428,36.67239016709594,136.6560061365764,10:00 - 18:00,予約不可,-,"￥1,000～￥1,999",
17006902,ガーデンカフェ・シンフォニー　Ｓｙｍｐｈｏｎｙ,洋食、カフェ,3.01,1,https://tabelog.com/ishikawa/A1701/A170102/17006902/,石川県/河北郡内灘町/白帆台/2-89-1,36.672195981766365,136.6573152857765,木・金・土/11:30 - 17:00/月・火・水・日/定休日,,-,-,
17008288,キナゴマ,カフェ,3.01,1,https://tabelog.com/ishikawa/A1701/A170102/17008288/,石川県/河北郡内灘町/白帆台/1-435,36.671802536291274,136.65702999540792,月・金・土・日/11:30 - 18:00/火・水・木/定休日,,-,-,
17005475,カフェ ド マル,カフェ、喫茶店,3.0,6,https://tabelog.com/ishikawa/A1701/A170102/17005475/,石川県/河北郡内灘町/白帆台/2-94,36.672550557096,136.6565199065776,水・木・金/11:00 - 17:30/土・日・祝日/11:00 - 18:00/月・火/定休日 ■ 定休日/月曜日・火曜日(祝日の場合は営業)/■台風や大雪、その他災害等により、予告なく臨時休業や営業時間を変更させていただく場合がございます。,予約可,-,～￥999,2008年11月
17009242,らーめん la.la.la.,ラーメン,3.36,84,https://tabelog.com/ishikawa/A1701/A170102/17009242/,石川県/河北郡内灘町/向粟崎/5-247/ミリオン内灘店,36.63670617827925,136.6400746800854,火・水・木・金・土・日/11:30 - 14:30/17:30 - 21:30/L.O. 21:00/月/定休日 第三火曜日定休,予約不可,～￥999,"￥1,000～￥1,999",2014年10月23日
17000176,ミンライ,中華料理、ラーメン,3.34,59,https://tabelog.com/ishikawa/A1701/A170102/17000176/,石川県/河北郡内灘町/向陽台/1-1-4,36.63491698711254,136.6333782062137,月・火・水・木・金・土/11:25 - 14:00/日/定休日,予約可,"￥1,000～￥1,999","￥1,000～￥1,999",
17001070,夢ミルク館,ジェラート・アイスクリーム,3.33,49,https://tabelog.com/ishikawa/A1701/A170102/17001070/,石川県/河北郡内灘町/湖西/243,36.66841713710623,136.6803730965192,■10:00～17:00(pm5時まで）/■11月・２月は16：00(pm4時まで)/(2月は土日祝のみ営業),予約不可,-,-,
17013529,八百屋のスイーツ Horita 205 内灘店,ケーキ、ソフトクリーム、カフェ,3.25,31,https://tabelog.com/ishikawa/A1701/A170102/17013529/,石川県/河北郡内灘町/字大学1-4-1,36.65931505710203,136.64901655644923,09:00 - 19:00,,-,"￥1,000～￥1,999",
17001088,はづ貴,カレー、食堂,3.21,51,https://tabelog.com/ishikawa/A1701/A170102/17001088/,石川県/河北郡内灘町/鶴ヶ丘4-1-159,36.644081636302396,136.6366788951422,火・水・木・金・土・日/11:00 - 15:00/17:00 - 22:00/月/定休日 ■ 営業時間/【夜】17:00～22:00 ※予約のみ※,予約可,"￥5,000～￥5,999","￥1,000～￥1,999",2000年5月
17001063,ボングー,パン、ケーキ,3.21,31,https://tabelog.com/ishikawa/A1701/A170102/17001063/,石川県/河北郡内灘町/字向陽台1丁目213,36.6391866371109,136.63675062625452,月・火・金・土・日/07:00 - 19:00/水・木/定休日,予約可,-,-,
17000398,和乃食はねや,日本料理,3.2,39,https://tabelog.com/ishikawa/A1701/A170102/17000398/,石川県/河北郡内灘町/向陽台/1-12,36.635381936306956,136.6336341950565,月/11:20 - 14:20/L.O. 14:00/火/11:20 - 14:00/L.O. 13:40/水・木・金・土・日/11:20 - 14:00/L.O. 13:40/17:30 - 21:50/L.O. 21:30/祝日・祝前日/11:20 - 14:20/L.O. 14:00/17:00 - 21:20/L.O. 21:00 ■ 定休日/無休 (年末年始を除く),予約可,"￥5,000～￥5,999","￥1,000～￥1,999",1999年7月1日
17008548,内灘サンセットパーク,道の駅,3.17,20,https://tabelog.com/ishikawa/A1701/A170102/17008548/,石川県/河北郡内灘町/字大学1-4-1,36.65892263629697,136.6492531952833,09:00 - 18:00 ■ 定休日/年中無休(年末年始のみ休み),予約不可,-,-,
17013526,Horita PICNIC,弁当、カフェ,3.16,17,https://tabelog.com/ishikawa/A1701/A170102/17013526/,石川県/河北郡内灘町/大学/1-4-1/道の駅 内灘サンセットパーク,36.659292237101994,136.64888079644905,,予約不可,-,-,
17014597,Maison de Ako,ビストロ,3.13,8,https://tabelog.com/ishikawa/A1701/A170102/17014597/,石川県/河北郡内灘町/向陽台/1-17-1,36.6357019771122,136.6338816662213,火・水・木・日/10:30 - 15:00/L.O. 料理14:00/金・土/18:00 - 23:00/月/定休日,予約可,"￥3,000～￥3,999","￥1,000～￥1,999",2024年4月
17002008,とり重,焼肉,3.03,5,https://tabelog.com/ishikawa/A1701/A170102/17002008/,石川県/河北郡内灘町/大清台/267,36.650071147105685,136.6420669063607,,,-,-,
17002007,華華華,焼肉,3.02,3,https://tabelog.com/ishikawa/A1701/A170102/17002007/,石川県/河北郡内灘町/大清台/101-1,36.65211562710495,136.64382418638013,月・火・水・金・土・日/16:30 - 23:00/L.O. 22:30/木/定休日,予約可,-,-,
17014435,中居精肉店,その他,3.36, - ,https://tabelog.com/ishikawa/A1701/A170102/17014435/,石川県/河北郡内灘町/大清台/143-1,36.6501598471062,136.64388030636033,,,-,-,
17009242,らーめん la.la.la.,ラーメン,3.34,84,https://tabelog.com/ishikawa/A1701/A170102/17009242/,石川県/河北郡内灘町/向粟崎/5-247/ミリオン内灘店,36.63670617827925,136.6400746800854,火・水・木・金・土・日/11:30 - 14:30/17:30 - 21:30/L.O. 21:00/月/定休日 第三火曜日定休,予約不可,～￥999,"￥1,000～￥1,999",2014年10月23日
17000176,ミンライ,中華料理、ラーメン,3.33,59,https://tabelog.com/ishikawa/A1701/A170102/17000176/,石川県/河北郡内灘町/向陽台/1-1-4,36.63491698711254,136.6333782062137,月・火・水・木・金・土/11:25 - 14:00/日/定休日,予約可,"￥1,000～￥1,999","￥1,000～￥1,999",
17001070,夢ミルク館,ジェラート・アイスクリーム,3.25,49,https://tabelog.com/ishikawa/A1701/A170102/17001070/,石川県/河北郡内灘町/湖西/243,36.66841713710623,136.6803730965192,■10:00～17:00(pm5時まで）/■11月・２月は16：00(pm4時まで)/(2月は土日祝のみ営業),予約不可,-,-,
17013529,八百屋のスイーツ Horita 205 内灘店,ケーキ、ソフトクリーム、カフェ,3.21,31,https://tabelog.com/ishikawa/A1701/A170102/17013529/,石川県/河北郡内灘町/字大学1-4-1,36.65931505710203,136.64901655644923,09:00 - 19:00,,-,"￥1,000～￥1,999",
17001088,はづ貴,カレー、食堂,3.21,51,https://tabelog.com/ishikawa/A1701/A170102/17001088/,石川県/河北郡内灘町/鶴ヶ丘4-1-159,36.644081636302396,136.6366788951422,火・水・木・金・土・日/11:00 - 15:00/17:00 - 22:00/月/定休日 ■ 営業時間/【夜】17:00～22:00 ※予約のみ※,予約可,"￥5,000～￥5,999","￥1,000～￥1,999",2000年5月
17001063,ボングー,パン、ケーキ,3.2,31,https://tabelog.com/ishikawa/A1701/A170102/17001063/,石川県/河北郡内灘町/字向陽台1丁目213,36.6391866371109,136.63675062625452,月・火・金・土・日/07:00 - 19:00/水・木/定休日,予約可,-,-,
17000398,和乃食はねや,日本料理,3.17,39,https://tabelog.com/ishikawa/A1701/A170102/17000398/,石川県/河北郡内灘町/向陽台/1-12,36.635381936306956,136.6336341950565,月/11:20 - 14:20/L.O. 14:00/火/11:20 - 14:00/L.O. 13:40/水・木・金・土・日/11:20 - 14:00/L.O. 13:40/17:30 - 21:50/L.O. 21:30/祝日・祝前日/11:20 - 14:20/L.O. 14:00/17:00 - 21:20/L.O. 21:00 ■ 定休日/無休 (年末年始を除く),予約可,"￥5,000～￥5,999","￥1,000～￥1,999",1999年7月1日
17008548,内灘サンセットパーク,道の駅,3.16,20,https://tabelog.com/ishikawa/A1701/A170102/17008548/,石川県/河北郡内灘町/字大学1-4-1,36.65892263629697,136.6492531952833,09:00 - 18:00 ■ 定休日/年中無休(年末年始のみ休み),予約不可,-,-,
17013526,Horita PICNIC,弁当、カフェ,3.13,17,https://tabelog.com/ishikawa/A1701/A170102/17013526/,石川県/河北郡内灘町/大学/1-4-1/道の駅 内灘サンセットパーク,36.659292237101994,136.64888079644905,,予約不可,-,-,
17014597,Maison de Ako,ビストロ,0.0,8,https://tabelog.com/ishikawa/A1701/A170102/17014597/,石川県/河北郡内灘町/向陽台/1-17-1,36.6357019771122,136.6338816662213,火・水・木・日/10:30 - 15:00/L.O. 料理14:00/金・土/18:00 - 23:00/月/定休日,予約可,"￥3,000～￥3,999","￥1,000～￥1,999",2024年4月
17013526,Horita PICNIC,弁当、カフェ,3.16,17,https://tabelog.com/ishikawa/A1701/A170102/17013526/,石川県/河北郡内灘町/大学/1-4-1/道の駅 内灘サンセットパーク,36.659292237101994,136.64888079644905,,予約不可,-,-,
17013947,でんさく食堂,食堂,3.08,9,https://tabelog.com/ishikawa/A1701/A170102/17013947/,石川県/河北郡内灘町/大学/2-208-2,36.65635709710367,136.64828945641983,月・火・水・木・金・土/11:30 - 14:30/L.O. 料理14:00/17:30 - 21:00/L.O. 料理20:00 ドリンク20:30/日・祝日/定休日,予約可,-,"￥1,000～￥1,999",
17008882,笑わ,お好み焼き,3.07,11,https://tabelog.com/ishikawa/A1701/A170102/17008882/,石川県/河北郡内灘町/大学/2-199,36.655499636298636,136.64763889524986,月・火・水・木・金・土/11:00 - 14:00/17:00 - 23:00/日/定休日,予約可,-,-,
17013109,永,ビュッフェ,3.07,7,https://tabelog.com/ishikawa/A1701/A170102/17013109/,石川県/河北郡内灘町/大学/2-280,36.65607921710432,136.64978138641598,,予約可,-,-,
17002865,キャビン,喫茶店,3.03,5,https://tabelog.com/ishikawa/A1701/A170102/17002865/,石川県/河北郡内灘町/大学/2-207-1,36.65621640710373,136.6481729264185,,予約可,-,-,
17001866,龍,ラーメン、中華料理,3.36,6,https://tabelog.com/ishikawa/A1701/A170102/17001866/,石川県/河北郡内灘町/大学/2-210,36.656576377606584,136.64833901405814,,,-,-,
17001045,じんずし 医科大前店,寿司,3.34,1,https://tabelog.com/ishikawa/A1701/A170102/17001045/,石川県/河北郡内灘町/大学/2-210-2,36.65659063629822,136.6484668952603,火・水・木・金・土・日/10:00 - 19:00/月/定休日,予約可,"￥2,000～￥2,999","￥1,000～￥1,999",
17009242,らーめん la.la.la.,ラーメン,3.33,84,https://tabelog.com/ishikawa/A1701/A170102/17009242/,石川県/河北郡内灘町/向粟崎/5-247/ミリオン内灘店,36.63670617827925,136.6400746800854,火・水・木・金・土・日/11:30 - 14:30/17:30 - 21:30/L.O. 21:00/月/定休日 第三火曜日定休,予約不可,～￥999,"￥1,000～￥1,999",2014年10月23日
17000176,ミンライ,中華料理、ラーメン,3.25,59,https://tabelog.com/ishikawa/A1701/A170102/17000176/,石川県/河北郡内灘町/向陽台/1-1-4,36.63491698711254,136.6333782062137,月・火・水・木・金・土/11:25 - 14:00/日/定休日,予約可,"￥1,000～￥1,999","￥1,000～￥1,999",
17001070,夢ミルク館,ジェラート・アイスクリーム,3.21,49,https://tabelog.com/ishikawa/A1701/A170102/17001070/,石川県/河北郡内灘町/湖西/243,36.66841713710623,136.6803730965192,■10:00～17:00(pm5時まで）/■11月・２月は16：00(pm4時まで)/(2月は土日祝のみ営業),予約不可,-,-,
17013529,八百屋のスイーツ Horita 205 内灘店,ケーキ、ソフトクリーム、カフェ,3.21,31,https://tabelog.com/ishikawa/A1701/A170102/17013529/,石川県/河北郡内灘町/字大学1-4-1,36.65931505710203,136.64901655644923,09:00 - 19:00,,-,"￥1,000～￥1,999",
17001088,はづ貴,カレー、食堂,3.2,51,https://tabelog.com/ishikawa/A1701/A170102/17001088/,石川県/河北郡内灘町/鶴ヶ丘4-1-159,36.644081636302396,136.6366788951422,火・水・木・金・土・日/11:00 - 15:00/17:00 - 22:00/月/定休日 ■ 営業時間/【夜】17:00～22:00 ※予約のみ※,予約可,"￥5,000～￥5,999","￥1,000～￥1,999",2000年5月
17001063,ボングー,パン、ケーキ,3.17,31,https://tabelog.com/ishikawa/A1701/A170102/17001063/,石川県/河北郡内灘町/字向陽台1丁目213,36.6391866371109,136.63675062625452,月・火・金・土・日/07:00 - 19:00/水・木/定休日,予約可,-,-,
17000398,和乃食はねや,日本料理,3.13,39,https://tabelog.com/ishikawa/A1701/A170102/17000398/,石川県/河北郡内灘町/向陽台/1-12,36.635381936306956,136.6336341950565,月/11:20 - 14:20/L.O. 14:00/火/11:20 - 14:00/L.O. 13:40/水・木・金・土・日/11:20 - 14:00/L.O. 13:40/17:30 - 21:50/L.O. 21:30/祝日・祝前日/11:20 - 14:20/L.O. 14:00/17:00 - 21:20/L.O. 21:00 ■ 定休日/無休 (年末年始を除く),予約可,"￥5,000～￥5,999","￥1,000～￥1,999",1999年7月1日
17008548,内灘サンセットパーク,道の駅,0.0,20,https://tabelog.com/ishikawa/A1701/A170102/17008548/,石川県/河北郡内灘町/字大学1-4-1,36.65892263629697,136.6492531952833,09:00 - 18:00 ■ 定休日/年中無休(年末年始のみ休み),予約不可,-,-,
17014597,Maison de Ako,ビストロ,0.0,8,https://tabelog.com/ishikawa/A1701/A170102/17014597/,石川県/河北郡内灘町/向陽台/1-17-1,36.6357019771122,136.6338816662213,火・水・木・日/10:30 - 15:00/L.O. 料理14:00/金・土/18:00 - 23:00/月/定休日,予約可,"￥3,000～￥3,999","￥1,000～￥1,999",2024年4月
17007882,愉楽庵,洋食,3.08,15,https://tabelog.com/ishikawa/A1701/A170102/17007882/,石川県/河北郡内灘町/千鳥台/4-2-1/天然温泉 湯来楽 内灘店 1F,36.63817206710734,136.6235241262535,11:00 - 23:00 ■ 定休日/年２回、不定休,予約可,"￥1,000～￥1,999","￥1,000～￥1,999",2007年11月
17006842,ドッグカフェ　ミント,その他,3.05,5,https://tabelog.com/ishikawa/A1701/A170102/17006842/,石川県/河北郡内灘町/千鳥台/2丁目210,36.64289333630188,136.63266699513304,火・水・木・金・土・日/07:00 - 11:00/14:00 - 18:00/月/定休日 ■ 営業時間/盆休み等の臨時休業あり※要確認/10月から3月までＯＰＥＮ時間 8：00に変更,予約可,-,-,2011年5月7日
17015356,NADIA&LAMPS,ハンバーガー、ピザ,3.02,1,https://tabelog.com/ishikawa/A1701/A170102/17015356/,石川県/河北郡内灘町/千鳥台/2-16,36.63828529710899,136.62896162625083,月・水・木/10:00 - 15:30/L.O. 15:00/金・土/10:00 - 21:00/L.O. 20:15/日/10:00 - 17:00/L.O. 16:30/火/定休日,,-,-,2025年7月16日
17014111,氷菓子 りつか 内灘,かき氷,3.36, - ,https://tabelog.com/ishikawa/A1701/A170102/17014111/,石川県/河北郡内灘町/千鳥台/4-1,36.639367736301566,136.624677995103,12:00 - 17:00,,-,-,
17005910,たこ匠 内灘店,たこ焼き,3.34, - ,https://tabelog.com/ishikawa/A1701/A170102/17005910/,石川県/河北郡内灘町/千鳥台/4-1,36.63915845550437,136.62637099415667,,,-,-,
17009242,らーめん la.la.la.,ラーメン,3.33,84,https://tabelog.com/ishikawa/A1701/A170102/17009242/,石川県/河北郡内灘町/向粟崎/5-247/ミリオン内灘店,36.63670617827925,136.6400746800854,火・水・木・金・土・日/11:30 - 14:30/17:30 - 21:30/L.O. 21:00/月/定休日 第三火曜日定休,予約不可,～￥999,"￥1,000～￥1,999",2014年10月23日
17000176,ミンライ,中華料理、ラーメン,3.25,59,https://tabelog.com/ishikawa/A1701/A170102/17000176/,石川県/河北郡内灘町/向陽台/1-1-4,36.63491698711254,136.6333782062137,月・火・水・木・金・土/11:25 - 14:00/日/定休日,予約可,"￥1,000～￥1,999","￥1,000～￥1,999",
17001070,夢ミルク館,ジェラート・アイスクリーム,3.21,49,https://tabelog.com/ishikawa/A1701/A170102/17001070/,石川県/河北郡内灘町/湖西/243,36.66841713710623,136.6803730965192,■10:00～17:00(pm5時まで）/■11月・２月は16：00(pm4時まで)/(2月は土日祝のみ営業),予約不可,-,-,
17013529,八百屋のスイーツ Horita 205 内灘店,ケーキ、ソフトクリーム、カフェ,3.21,31,https://tabelog.com/ishikawa/A1701/A170102/17013529/,石川県/河北郡内灘町/字大学1-4-1,36.65931505710203,136.64901655644923,09:00 - 19:00,,-,"￥1,000～￥1,999",
17001088,はづ貴,カレー、食堂,3.2,51,https://tabelog.com/ishikawa/A1701/A170102/17001088/,石川県/河北郡内灘町/鶴ヶ丘4-1-159,36.644081636302396,136.6366788951422,火・水・木・金・土・日/11:00 - 15:00/17:00 - 22:00/月/定休日 ■ 営業時間/【夜】17:00～22:00 ※予約のみ※,予約可,"￥5,000～￥5,999","￥1,000～￥1,999",2000年5月
17001063,ボングー,パン、ケーキ,3.17,31,https://tabelog.com/ishikawa/A1701/A170102/17001063/,石川県/河北郡内灘町/字向陽台1丁目213,36.6391866371109,136.63675062625452,月・火・金・土・日/07:00 - 19:00/水・木/定休日,予約可,-,-,
17000398,和乃食はねや,日本料理,3.16,39,https://tabelog.com/ishikawa/A1701/A170102/17000398/,石川県/河北郡内灘町/向陽台/1-12,36.635381936306956,136.6336341950565,月/11:20 - 14:20/L.O. 14:00/火/11:20 - 14:00/L.O. 13:40/水・木・金・土・日/11:20 - 14:00/L.O. 13:40/17:30 - 21:50/L.O. 21:30/祝日・祝前日/11:20 - 14:20/L.O. 14:00/17:00 - 21:20/L.O. 21:00 ■ 定休日/無休 (年末年始を除く),予約可,"￥5,000～￥5,999","￥1,000～￥1,999",1999年7月1日
17008548,内灘サンセットパーク,道の駅,3.13,20,https://tabelog.com/ishikawa/A1701/A170102/17008548/,石川県/河北郡内灘町/字大学1-4-1,36.65892263629697,136.6492531952833,09:00 - 18:00 ■ 定休日/年中無休(年末年始のみ休み),予約不可,-,-,
17013526,Horita PICNIC,弁当、カフェ,0.0,17,https://tabelog.com/ishikawa/A1701/A170102/17013526/,石川県/河北郡内灘町/大学/1-4-1/道の駅 内灘サンセットパーク,36.659292237101994,136.64888079644905,,予約不可,-,-,
17014597,Maison de Ako,ビストロ,0.0,8,https://tabelog.com/ishikawa/A1701/A170102/17014597/,石川県/河北郡内灘町/向陽台/1-17-1,36.6357019771122,136.6338816662213,火・水・木・日/10:30 - 15:00/L.O. 料理14:00/金・土/18:00 - 23:00/月/定休日,予約可,"￥3,000～￥3,999","￥1,000～￥1,999",2024年4月
17001088,はづ貴,カレー、食堂,3.21,51,https://tabelog.com/ishikawa/A1701/A170102/17001088/,石川県/河北郡内灘町/鶴ヶ丘4-1-159,36.644081636302396,136.6366788951422,火・水・木・金・土・日/11:00 - 15:00/17:00 - 22:00/月/定休日 ■ 営業時間/【夜】17:00～22:00 ※予約のみ※,予約可,"￥5,000～￥5,999","￥1,000～￥1,999",2000年5月
17003310,鎌路,食堂,3.11,21,https://tabelog.com/ishikawa/A1701/A170102/17003310/,石川県/河北郡内灘町/鶴ケ丘/5-1-186,36.64703286710756,136.64189339633012,月・水・木・金・土・日/11:00 - 14:00/17:00 - 22:00/火/定休日,予約可,"￥1,000～￥1,999","￥1,000～￥1,999",
17006113,九州台所八兵衛,もつ鍋、水炊き、郷土料理,3.11,11,https://tabelog.com/ishikawa/A1701/A170102/17006113/,石川県/河北郡内灘町/鶴ヶ丘1-389,36.64032723630647,136.64196889510055,月・火・木・金・土・日・祝日・祝前日/17:30 - 00:00/L.O. 23:30/水/定休日 ■定休日/水曜日/※団体予約の場合は営業可能ですので、日数に余裕をもってご相談ください,予約可,"￥4,000～￥4,999",-,2009年3月18日
17014305,喫茶 ひまつぶし,喫茶店,3.04,3,https://tabelog.com/ishikawa/A1701/A170102/17014305/,石川県/河北郡内灘町鶴ヶ丘5-1-346,36.64526882710805,136.6399203963137,月・火・木・金・土・日/08:00 - 16:00/水/定休日 ■ 定休日/不定休,,-,-,
17000739,プラム ダイニング,ダイニングバー、日本料理,3.03,7,https://tabelog.com/ishikawa/A1701/A170102/17000739/,石川県/河北郡内灘町/鶴ケ丘/3-157-3,36.64587563630281,136.64155989515692,月・水・木・金・土・日/18:00 - 01:00/L.O. 00:00/火/定休日 ■ 定休日/火曜日（火・水曜日が祝日の場合は営業します）,予約可,"￥3,000～￥3,999",-,
17004173,アンバランス,居酒屋、喫茶店,3.03,5,https://tabelog.com/ishikawa/A1701/A170102/17004173/,石川県/河北郡内灘町/鶴ケ丘/4-1-128,36.64280513710874,136.63717285629076,,,-,-,
17014688,金魚カフェ らんちゅう,カフェ、おにぎり,3.02,1,https://tabelog.com/ishikawa/A1701/A170102/17014688/,石川県/河北郡内灘町/鶴ケ丘/3-157-13,36.64665140590708,136.6421401983612,月・火・水・木・金・日/10:00 - 16:00/土/定休日,,-,-,
17005329,マクドナルド 内灘店,ハンバーガー,3.01,12,https://tabelog.com/ishikawa/A1701/A170102/17005329/,石川県/河北郡内灘町/鶴ケ丘/5-1-350,36.645562987108114,136.6407324463161,24時間営業 ■ 営業時間/【店内】６：００～２４：００/【ドライブスルー】２４時間/■定休日/年中無休,,-,～￥999,
17005641,８番らーめん 内灘店,ラーメン,3.01,10,https://tabelog.com/ishikawa/A1701/A170102/17005641/,石川県/河北郡内灘町/鶴ヶ丘2-80,36.642087863259654,136.6422723053458,月/11:00 - 15:00/火・水・木・金・土・日/11:00 - 21:00/L.O. 20:30 ■ 営業時間/[月]11:00～15::00/[火～日]11:00～21:00(L.O.20:30)/■定休日/無休,予約不可,-,～￥999,
17008989,にちようカフェ,カフェ,3.01,1,https://tabelog.com/ishikawa/A1701/A170102/17008989/,石川県/河北郡内灘町/鶴ケ丘/5-1-179,36.64659903489255,136.6415557682629,日/11:00 - 17:00/月・火・水・木・金・土/定休日 ■ 定休日/12月～3月,,-,-,
17003652,栄楽食堂,食堂,3.0,5,https://tabelog.com/ishikawa/A1701/A170102/17003652/,石川県/河北郡内灘町/鶴ケ丘/5-1-348,36.645277427108,136.6397716363139,,予約不可,-,-,
17015462,結カフェ,カフェ、食堂,0.0,1,https://tabelog.com/ishikawa/A1701/A170102/17015462/,石川県/河北郡内灘町/鶴ケ丘/3-1,36.641986807109745,136.6386852962814,火・水・木・金・土・日/11:30 - 17:00/月/定休日 ランチは11：30～14：00,,-,-,
17009167,花野,和菓子,0.0, - ,https://tabelog.com/ishikawa/A1701/A170102/17009167/,石川県/河北郡内灘町/鶴ヶ丘5-1-347,36.64528083630264,136.6398262951521,火・水・木・金・土・日/09:30 - 18:00/月/定休日,,-,-,
17013609,狸の恩返し,ダイニングバー、バー,0.0, - ,https://tabelog.com/ishikawa/A1701/A170102/17013609/,石川県/河北郡内灘町/鶴ヶ丘3-157-4,36.64394853710931,136.64123219629946,月・火・木・金/18:00 - 00:00/L.O. 23:30/土・日/13:00 - 00:00/水/定休日,予約可,"￥2,000～￥2,999",-,
17001813,ゆうき,焼き鳥,0.0, - ,https://tabelog.com/ishikawa/A1701/A170102/17001813/,石川県/河北郡内灘町/鶴ケ丘/4-1-7,36.64194169462035,136.6380837710444,,,-,-,
17002329,翁ずし,寿司,0.0, - ,https://tabelog.com/ishikawa/A1701/A170102/17002329/,石川県/河北郡内灘町/鶴ケ丘/3-157-6,36.64613019876606,136.64170549963583,,,-,-,
17004231,オムライス 洋食 サマサマ,レストラン,0.0, - ,https://tabelog.com/ishikawa/A1701/A170102/17004231/,石川県/河北郡内灘町/鶴ケ丘/2-69,36.64080823711147,136.64176928626736,,,-,-,
17003358,さつき,日本料理,0.0, - ,https://tabelog.com/ishikawa/A1701/A170102/17003358/,石川県/河北郡内灘町/鶴ケ丘/1-389,36.64037367711178,136.64189150626288,■定休日/日曜日,,-,-,
17001867,大珍,ラーメン,0.0, - ,https://tabelog.com/ishikawa/A1701/A170102/17001867/,石川県/河北郡内灘町/鶴ケ丘/4-119,36.640833469679116,136.6374393978062,,,-,-,
17012641,FOR AC ライブラリーカフェ,カフェ,3.06,5,https://tabelog.com/ishikawa/A1701/A170102/17012641/,石川県/河北郡内灘町/ハマナス/2-47,36.65631766710213,136.6433566264229,火・水・木・金・土/10:00 - 18:00/月・日・祝日/定休日,,-,-,
17009242,らーめん la.la.la.,ラーメン,3.36,84,https://tabelog.com/ishikawa/A1701/A170102/17009242/,石川県/河北郡内灘町/向粟崎/5-247/ミリオン内灘店,36.63670617827925,136.6400746800854,火・水・木・金・土・日/11:30 - 14:30/17:30 - 21:30/L.O. 21:00/月/定休日 第三火曜日定休,予約不可,～￥999,"￥1,000～￥1,999",2014年10月23日
17000176,ミンライ,中華料理、ラーメン,3.34,59,https://tabelog.com/ishikawa/A1701/A170102/17000176/,石川県/河北郡内灘町/向陽台/1-1-4,36.63491698711254,136.6333782062137,月・火・水・木・金・土/11:25 - 14:00/日/定休日,予約可,"￥1,000～￥1,999","￥1,000～￥1,999",
17001070,夢ミルク館,ジェラート・アイスクリーム,3.33,49,https://tabelog.com/ishikawa/A1701/A170102/17001070/,石川県/河北郡内灘町/湖西/243,36.66841713710623,136.6803730965192,■10:00～17:00(pm5時まで）/■11月・２月は16：00(pm4時まで)/(2月は土日祝のみ営業),予約不可,-,-,
17013529,八百屋のスイーツ Horita 205 内灘店,ケーキ、ソフトクリーム、カフェ,3.25,31,https://tabelog.com/ishikawa/A1701/A170102/17013529/,石川県/河北郡内灘町/字大学1-4-1,36.65931505710203,136.64901655644923,09:00 - 19:00,,-,"￥1,000～￥1,999",
17001088,はづ貴,カレー、食堂,3.21,51,https://tabelog.com/ishikawa/A1701/A170102/17001088/,石川県/河北郡内灘町/鶴ヶ丘4-1-159,36.644081636302396,136.6366788951422,火・水・木・金・土・日/11:00 - 15:00/17:00 - 22:00/月/定休日 ■ 営業時間/【夜】17:00～22:00 ※予約のみ※,予約可,"￥5,000～￥5,999","￥1,000～￥1,999",2000年5月
17001063,ボングー,パン、ケーキ,3.21,31,https://tabelog.com/ishikawa/A1701/A170102/17001063/,石川県/河北郡内灘町/字向陽台1丁目213,36.6391866371109,136.63675062625452,月・火・金・土・日/07:00 - 19:00/水・木/定休日,予約可,-,-,
17000398,和乃食はねや,日本料理,3.2,39,https://tabelog.com/ishikawa/A1701/A170102/17000398/,石川県/河北郡内灘町/向陽台/1-12,36.635381936306956,136.6336341950565,月/11:20 - 14:20/L.O. 14:00/火/11:20 - 14:00/L.O. 13:40/水・木・金・土・日/11:20 - 14:00/L.O. 13:40/17:30 - 21:50/L.O. 21:30/祝日・祝前日/11:20 - 14:20/L.O. 14:00/17:00 - 21:20/L.O. 21:00 ■ 定休日/無休 (年末年始を除く),予約可,"￥5,000～￥5,999","￥1,000～￥1,999",1999年7月1日
17008548,内灘サンセットパーク,道の駅,3.17,20,https://tabelog.com/ishikawa/A1701/A170102/17008548/,石川県/河北郡内灘町/字大学1-4-1,36.65892263629697,136.6492531952833,09:00 - 18:00 ■ 定休日/年中無休(年末年始のみ休み),予約不可,-,-,
17013526,Horita PICNIC,弁当、カフェ,3.16,17,https://tabelog.com/ishikawa/A1701/A170102/17013526/,石川県/河北郡内灘町/大学/1-4-1/道の駅 内灘サンセットパーク,36.659292237101994,136.64888079644905,,予約不可,-,-,
17014597,Maison de Ako,ビストロ,3.13,8,https://tabelog.com/ishikawa/A1701/A170102/17014597/,石川県/河北郡内灘町/向陽台/1-17-1,36.6357019771122,136.6338816662213,火・水・木・日/10:30 - 15:00/L.O. 料理14:00/金・土/18:00 - 23:00/月/定休日,予約可,"￥3,000～￥3,999","￥1,000～￥1,999",2024年4月
17010412,ブリーズ・ドゥ・メール,パン,3.11,18,https://tabelog.com/ishikawa/A1701/A170102/17010412/,石川県/河北郡内灘町/緑台/1-306-29,36.636485757110684,136.63068825623148,月・水・木・金・土・日/08:00 - 18:30/火/定休日,予約可,-,-,2016年5月21日
17009242,らーめん la.la.la.,ラーメン,3.36,84,https://tabelog.com/ishikawa/A1701/A170102/17009242/,石川県/河北郡内灘町/向粟崎/5-247/ミリオン内灘店,36.63670617827925,136.6400746800854,火・水・木・金・土・日/11:30 - 14:30/17:30 - 21:30/L.O. 21:00/月/定休日 第三火曜日定休,予約不可,～￥999,"￥1,000～￥1,999",2014年10月23日
17000176,ミンライ,中華料理、ラーメン,3.34,59,https://tabelog.com/ishikawa/A1701/A170102/17000176/,石川県/河北郡内灘町/向陽台/1-1-4,36.63491698711254,136.6333782062137,月・火・水・木・金・土/11:25 - 14:00/日/定休日,予約可,"￥1,000～￥1,999","￥1,000～￥1,999",
17001070,夢ミルク館,ジェラート・アイスクリーム,3.33,49,https://tabelog.com/ishikawa/A1701/A170102/17001070/,石川県/河北郡内灘町/湖西/243,36.66841713710623,136.6803730965192,■10:00～17:00(pm5時まで）/■11月・２月は16：00(pm4時まで)/(2月は土日祝のみ営業),予約不可,-,-,
17013529,八百屋のスイーツ Horita 205 内灘店,ケーキ、ソフトクリーム、カフェ,3.25,31,https://tabelog.com/ishikawa/A1701/A170102/17013529/,石川県/河北郡内灘町/字大学1-4-1,36.65931505710203,136.64901655644923,09:00 - 19:00,,-,"￥1,000～￥1,999",
17001088,はづ貴,カレー、食堂,3.21,51,https://tabelog.com/ishikawa/A1701/A170102/17001088/,石川県/河北郡内灘町/鶴ヶ丘4-1-159,36.644081636302396,136.6366788951422,火・水・木・金・土・日/11:00 - 15:00/17:00 - 22:00/月/定休日 ■ 営業時間/【夜】17:00～22:00 ※予約のみ※,予約可,"￥5,000～￥5,999","￥1,000～￥1,999",2000年5月
17001063,ボングー,パン、ケーキ,3.21,31,https://tabelog.com/ishikawa/A1701/A170102/17001063/,石川県/河北郡内灘町/字向陽台1丁目213,36.6391866371109,136.63675062625452,月・火・金・土・日/07:00 - 19:00/水・木/定休日,予約可,-,-,
17000398,和乃食はねや,日本料理,3.2,39,https://tabelog.com/ishikawa/A1701/A170102/17000398/,石川県/河北郡内灘町/向陽台/1-12,36.635381936306956,136.6336341950565,月/11:20 - 14:20/L.O. 14:00/火/11:20 - 14:00/L.O. 13:40/水・木・金・土・日/11:20 - 14:00/L.O. 13:40/17:30 - 21:50/L.O. 21:30/祝日・祝前日/11:20 - 14:20/L.O. 14:00/17:00 - 21:20/L.O. 21:00 ■ 定休日/無休 (年末年始を除く),予約可,"￥5,000～￥5,999","￥1,000～￥1,999",1999年7月1日
17008548,内灘サンセットパーク,道の駅,3.17,20,https://tabelog.com/ishikawa/A1701/A170102/17008548/,石川県/河北郡内灘町/字大学1-4-1,36.65892263629697,136.6492531952833,09:00 - 18:00 ■ 定休日/年中無休(年末年始のみ休み),予約不可,-,-,
17013526,Horita PICNIC,弁当、カフェ,3.16,17,https://tabelog.com/ishikawa/A1701/A170102/17013526/,石川県/河北郡内灘町/大学/1-4-1/道の駅 内灘サンセットパーク,36.659292237101994,136.64888079644905,,予約不可,-,-,
17014597,Maison de Ako,ビストロ,3.13,8,https://tabelog.com/ishikawa/A1701/A170102/17014597/,石川県/河北郡内灘町/向陽台/1-17-1,36.6357019771122,136.6338816662213,火・水・木・日/10:30 - 15:00/L.O. 料理14:00/金・土/18:00 - 23:00/月/定休日,予約可,"￥3,000～￥3,999","￥1,000～￥1,999",2024年4月
17007710,内灘町サイクリングターミナル,バーベキュー,3.01,3,https://tabelog.com/ishikawa/A1701/A170102/17007710/,石川県/河北郡内灘町/宮坂/に1 - 3,36.66565018709906,136.65235305651086,11:30 - 21:00 ■ 営業時間/11:30～21:00/（11:00に入場された場合は14:00までとなります。）/■ 定休日/第1火曜日,,-,-,
17004333,なだ亭,レストラン,3.36, - ,https://tabelog.com/ishikawa/A1701/A170102/17004333/,石川県/河北郡内灘町/宮坂/に455,36.66266863111964,136.65323072545186,,,-,-,
17009242,らーめん la.la.la.,ラーメン,3.34,84,https://tabelog.com/ishikawa/A1701/A170102/17009242/,石川県/河北郡内灘町/向粟崎/5-247/ミリオン内灘店,36.63670617827925,136.6400746800854,火・水・木・金・土・日/11:30 - 14:30/17:30 - 21:30/L.O. 21:00/月/定休日 第三火曜日定休,予約不可,～￥999,"￥1,000～￥1,999",2014年10月23日
17000176,ミンライ,中華料理、ラーメン,3.33,59,https://tabelog.com/ishikawa/A1701/A170102/17000176/,石川県/河北郡内灘町/向陽台/1-1-4,36.63491698711254,136.6333782062137,月・火・水・木・金・土/11:25 - 14:00/日/定休日,予約可,"￥1,000～￥1,999","￥1,000～￥1,999",
17001070,夢ミルク館,ジェラート・アイスクリーム,3.25,49,https://tabelog.com/ishikawa/A1701/A170102/17001070/,石川県/河北郡内灘町/湖西/243,36.66841713710623,136.6803730965192,■10:00～17:00(pm5時まで）/■11月・２月は16：00(pm4時まで)/(2月は土日祝のみ営業),予約不可,-,-,
17013529,八百屋のスイーツ Horita 205 内灘店,ケーキ、ソフトクリーム、カフェ,3.21,31,https://tabelog.com/ishikawa/A1701/A170102/17013529/,石川県/河北郡内灘町/字大学1-4-1,36.65931505710203,136.64901655644923,09:00 - 19:00,,-,"￥1,000～￥1,999",
17001088,はづ貴,カレー、食堂,3.21,51,https://tabelog.com/ishikawa/A1701/A170102/17001088/,石川県/河北郡内灘町/鶴ヶ丘4-1-159,36.644081636302396,136.6366788951422,火・水・木・金・土・日/11:00 - 15:00/17:00 - 22:00/月/定休日 ■ 営業時間/【夜】17:00～22:00 ※予約のみ※,予約可,"￥5,000～￥5,999","￥1,000～￥1,999",2000年5月
17001063,ボングー,パン、ケーキ,3.2,31,https://tabelog.com/ishikawa/A1701/A170102/17001063/,石川県/河北郡内灘町/字向陽台1丁目213,36.6391866371109,136.63675062625452,月・火・金・土・日/07:00 - 19:00/水・木/定休日,予約可,-,-,
17000398,和乃食はねや,日本料理,3.17,39,https://tabelog.com/ishikawa/A1701/A170102/17000398/,石川県/河北郡内灘町/向陽台/1-12,36.635381936306956,136.6336341950565,月/11:20 - 14:20/L.O. 14:00/火/11:20 - 14:00/L.O. 13:40/水・木・金・土・日/11:20 - 14:00/L.O. 13:40/17:30 - 21:50/L.O. 21:30/祝日・祝前日/11:20 - 14:20/L.O. 14:00/17:00 - 21:20/L.O. 21:00 ■ 定休日/無休 (年末年始を除く),予約可,"￥5,000～￥5,999","￥1,000～￥1,999",1999年7月1日
17008548,内灘サンセットパーク,道の駅,3.16,20,https://tabelog.com/ishikawa/A1701/A170102/17008548/,石川県/河北郡内灘町/字大学1-4-1,36.65892263629697,136.6492531952833,09:00 - 18:00 ■ 定休日/年中無休(年末年始のみ休み),予約不可,-,-,
17013526,Horita PICNIC,弁当、カフェ,3.13,17,https://tabelog.com/ishikawa/A1701/A170102/17013526/,石川県/河北郡内灘町/大学/1-4-1/道の駅 内灘サンセットパーク,36.659292237101994,136.64888079644905,,予約不可,-,-,
17014597,Maison de Ako,ビストロ,0.0,8,https://tabelog.com/ishikawa/A1701/A170102/17014597/,石川県/河北郡内灘町/向陽台/1-17-1,36.6357019771122,136.6338816662213,火・水・木・日/10:30 - 15:00/L.O. 料理14:00/金・土/18:00 - 23:00/月/定休日,予約可,"￥3,000～￥3,999","￥1,000～￥1,999",2024年4月
17009242,らーめん la.la.la.,ラーメン,3.36,84,https://tabelog.com/ishikawa/A1701/A170102/17009242/,石川県/河北郡内灘町/向粟崎/5-247/ミリオン内灘店,36.63670617827925,136.6400746800854,火・水・木・金・土・日/11:30 - 14:30/17:30 - 21:30/L.O. 21:00/月/定休日 第三火曜日定休,予約不可,～￥999,"￥1,000～￥1,999",2014年10月23日
17007779,居酒屋ひばり,居酒屋,3.05,8,https://tabelog.com/ishikawa/A1701/A170102/17007779/,石川県/河北郡内灘町/向粟崎/2-75,36.63243027711529,136.63704821618603,,予約可,-,-,
17014517,焼肉酒場 力,焼肉,3.05,6,https://tabelog.com/ishikawa/A1701/A170102/17014517/,石川県/河北郡内灘町/向粟崎/5-32,36.63897325711116,136.63714291625206,,予約可,-,-,2022年4月22日
17004880,酒菜厨房 りゅうもん,居酒屋,3.01,2,https://tabelog.com/ishikawa/A1701/A170102/17004880/,石川県/河北郡内灘町/向粟崎/2-352-2,36.63591247711364,136.63880943621996,火・水・木・金・土・日/11:30 - 14:00/17:00 - 22:00/月/定休日,予約可,"￥4,000～￥4,999",-,
17005614,ひさし,居酒屋、日本料理、揚げ物,3.34,1,https://tabelog.com/ishikawa/A1701/A170102/17005614/,石川県/河北郡内灘町/向粟崎/5丁目92,36.63919922711151,136.6386698062533,月・火・木・金・土・日/11:00 - 14:00/17:00 - 22:30/水/定休日,予約可,"￥1,000～￥1,999",～￥999,1977年
17013748,ラーメン 萬福,ラーメン,3.33,1,https://tabelog.com/ishikawa/A1701/A170102/17013748/,石川県/河北郡内灘町/向粟崎/5-24,36.63823617711144,136.63652062624504,,,-,-,
17005980,うまいもん処空大,日本料理,3.25, - ,https://tabelog.com/ishikawa/A1701/A170102/17005980/,石川県/河北郡内灘町/向粟崎/1-408,36.629151350111115,136.6352012215526,,,-,-,
17000176,ミンライ,中華料理、ラーメン,3.21,59,https://tabelog.com/ishikawa/A1701/A170102/17000176/,石川県/河北郡内灘町/向陽台/1-1-4,36.63491698711254,136.6333782062137,月・火・水・木・金・土/11:25 - 14:00/日/定休日,予約可,"￥1,000～￥1,999","￥1,000～￥1,999",
17001070,夢ミルク館,ジェラート・アイスクリーム,3.21,49,https://tabelog.com/ishikawa/A1701/A170102/17001070/,石川県/河北郡内灘町/湖西/243,36.66841713710623,136.6803730965192,■10:00～17:00(pm5時まで）/■11月・２月は16：00(pm4時まで)/(2月は土日祝のみ営業),予約不可,-,-,
17013529,八百屋のスイーツ Horita 205 内灘店,ケーキ、ソフトクリーム、カフェ,3.2,31,https://tabelog.com/ishikawa/A1701/A170102/17013529/,石川県/河北郡内灘町/字大学1-4-1,36.65931505710203,136.64901655644923,09:00 - 19:00,,-,"￥1,000～￥1,999",
17001088,はづ貴,カレー、食堂,3.17,51,https://tabelog.com/ishikawa/A1701/A170102/17001088/,石川県/河北郡内灘町/鶴ヶ丘4-1-159,36.644081636302396,136.6366788951422,火・水・木・金・土・日/11:00 - 15:00/17:00 - 22:00/月/定休日 ■ 営業時間/【夜】17:00～22:00 ※予約のみ※,予約可,"￥5,000～￥5,999","￥1,000～￥1,999",2000年5月
17001063,ボングー,パン、ケーキ,3.16,31,https://tabelog.com/ishikawa/A1701/A170102/17001063/,石川県/河北郡内灘町/字向陽台1丁目213,36.6391866371109,136.63675062625452,月・火・金・土・日/07:00 - 19:00/水・木/定休日,予約可,-,-,
17000398,和乃食はねや,日本料理,3.13,39,https://tabelog.com/ishikawa/A1701/A170102/17000398/,石川県/河北郡内灘町/向陽台/1-12,36.635381936306956,136.6336341950565,月/11:20 - 14:20/L.O. 14:00/火/11:20 - 14:00/L.O. 13:40/水・木・金・土・日/11:20 - 14:00/L.O. 13:40/17:30 - 21:50/L.O. 21:30/祝日・祝前日/11:20 - 14:20/L.O. 14:00/17:00 - 21:20/L.O. 21:00 ■ 定休日/無休 (年末年始を除く),予約可,"￥5,000～￥5,999","￥1,000～￥1,999",1999年7月1日
17008548,内灘サンセットパーク,道の駅,0.0,20,https://tabelog.com/ishikawa/A1701/A170102/17008548/,石川県/河北郡内灘町/字大学1-4-1,36.65892263629697,136.6492531952833,09:00 - 18:00 ■ 定休日/年中無休(年末年始のみ休み),予約不可,-,-,
17013526,Horita PICNIC,弁当、カフェ,0.0,17,https://tabelog.com/ishikawa/A1701/A170102/17013526/,石川県/河北郡内灘町/大学/1-4-1/道の駅 内灘サンセットパーク,36.659292237101994,136.64888079644905,,予約不可,-,-,
17014597,Maison de Ako,ビストロ,0.0,8,https://tabelog.com/ishikawa/A1701/A170102/17014597/,石川県/河北郡内灘町/向陽台/1-17-1,36.6357019771122,136.6338816662213,火・水・木・日/10:30 - 15:00/L.O. 料理14:00/金・土/18:00 - 23:00/月/定休日,予約可,"￥3,000～￥3,999","￥1,000～￥1,999",2024年4月
