store_id,store_name,genre,rate,review_cnt,store_url,address,latitude,longitude,business_hours,reserve,dinner_budget,lunch_budget,opened
17010334,madoかふぇ,カフェ,3.06,8,https://tabelog.com/ishikawa/A1701/A170102/17010334/,石川県/河北郡津幡町/浅田/丙45-3,36.665198257125645,136.7349023364484,月・火・水・木・金・土/11:00 - 17:30/日/定休日,予約可,-,-,2016年9月26日
17013537,たい焼 いのうえ,たい焼き・大判焼き,3.38,1,https://tabelog.com/ishikawa/A1701/A170102/17013537/,石川県/河北郡津幡町/浅田/丙19-4,36.66479113632037,136.73438659528293,,,-,-,
17009478,ミエル,洋食,3.26,59,https://tabelog.com/ishikawa/A1701/A170102/17009478/,石川県/河北郡津幡町/北中条/2-15,36.662555347125014,136.7276690864268,月・水・木・金・土・日/11:00 - 21:00/火/定休日 ■ 定休日/第2水曜日,予約可,"￥1,000～￥1,999","￥1,000～￥1,999",
17010455,そば処くらみつ,そば,3.25,21,https://tabelog.com/ishikawa/A1701/A170102/17010455/,石川県/河北郡津幡町/字倉見ツ1-1,36.67992833712431,136.76010353657958,■ 営業時間/11:40～麺切れ終い/■定休日/火曜日、水曜日、木曜日、金曜日,予約可,-,"￥1,000～￥1,999",
17012466,麺屋大河 金澤タンメン,ラーメン,3.16,46,https://tabelog.com/ishikawa/A1701/A170102/17012466/,石川県/河北郡津幡町/字庄ホ32-1,36.67786820349063,136.7218232179253,火・水・木・金・土・日・祝日/11:30 - 14:30/17:30 - 21:00/月/定休日 ■ 定休日/月曜日 ※祝日の場合翌日,予約不可,-,"￥1,000～￥1,999",2020年9月18日
17007855,もみの木カフェ,洋菓子,3.15,33,https://tabelog.com/ishikawa/A1701/A170102/17007855/,石川県/河北郡津幡町/清水/チ332-2,36.67553392711826,136.73235346655463,月・火・水・木・金・土/10:00 - 18:30/日/定休日,予約可,-,-,
17011358,中華萬菜赤兎,中華料理,3.11,15,https://tabelog.com/ishikawa/A1701/A170102/17011358/,石川県/河北郡津幡町/北中条/4-44,36.66302266712535,136.7296685064301,月・火・水・金・土・日/11:00 - 15:00/L.O. 料理14:30/17:30 - 21:00/木/定休日,予約可,"￥1,000～￥1,999",-,
17011352,かほくがた牧場アイス工房 ラグーン 津幡店,ジェラート・アイスクリーム、ソフトクリーム、カフェ,3.11,20,https://tabelog.com/ishikawa/A1701/A170102/17011352/,石川県/河北郡津幡町/南中条/ト182,36.65803153712837,136.72919769638003,月・火・木・金・土・日/12:00 - 18:00/水/定休日 ■ 定休日/第二木曜日、第四木曜日,予約不可,～￥999,～￥999,2020年3月20日
17004717,寿司本舗たまや,寿司、海鮮丼、海鮮,3.1,7,https://tabelog.com/ishikawa/A1701/A170102/17004717/,石川県/河北郡津幡町/加賀爪/ヌ-5,36.668677897123914,136.73641547648253,火・水・木・金・土・日・祝日/11:30 - 14:15/L.O. 料理14:00/17:00 - 21:30/L.O. 料理21:00/月/定休日 ■ 定休日/月曜日（祝日の場合は翌日火曜日）,予約可,"￥2,000～￥2,999","￥1,000～￥1,999",
17006551,風車 倶利迦羅不動寺山頂堂境内食堂,そば、カフェ,3.09,20,https://tabelog.com/ishikawa/A1701/A170102/17006551/,石川県/河北郡津幡町/倶利伽羅/リ-2/倶利伽羅不動寺山頂堂境内,36.663551093745205,136.81552192877655,09:00 - 17:00 ■ 営業時間/※天候等で16時前後に短縮あり/■ 定休日/不定休,予約不可,-,～￥999,
17004578,与市,居酒屋,3.09,21,https://tabelog.com/ishikawa/A1701/A170102/17004578/,石川県/河北郡津幡町/北中条/4-11,36.66276368712585,136.73071787642678,,予約可,-,-,
17012486,高級食パン専門店 おい!なんだこれは! 津幡店,パン,0.0,9,https://tabelog.com/ishikawa/A1701/A170102/17012486/,石川県/河北郡津幡町/北中条/6-91,36.66019475712657,136.72785633640285,10:00 - 18:00,,-,-,2020年10月24日
17004269,パティスリー・アール,ケーキ,3.05,7,https://tabelog.com/ishikawa/A1701/A170102/17004269/,石川県/河北郡津幡町/太田/は136-15,36.655328247125894,136.71602185636198,月・水・木・金・土・日/10:00 - 19:00/火/定休日 ■ 営業時間/※営業日時変更の場合はSNSにて告知,予約可,-,～￥999,2009年3月6日
17002003,百万石,ホルモン、焼肉,3.04,7,https://tabelog.com/ishikawa/A1701/A170102/17002003/,石川県/河北郡津幡町/太田/ラ-60,36.64979858713202,136.72423198630037,月・水・木・金・土・日/11:30 - 22:00/L.O. 21:30/火/定休日 ■ 定休日/第三月曜日,予約可,"￥3,000～￥3,999",～￥999,
17011003,のた家,カフェ、ダイニングバー、食堂,3.02,4,https://tabelog.com/ishikawa/A1701/A170102/17011003/,石川県/河北郡津幡町/太田/ろ41-4,36.65314572712833,136.71931361633762,月・水・木・金・土・日/11:30 - 14:00/火/定休日 ■ 営業時間/お弁当販売始めました。/日替わり弁当1000円。 3日前より予約可5個より承ります。/尚、ランチ営業あるため配達はできません。/オードブル承ります。,予約可,-,"￥1,000～￥1,999",2017年10月11日
17002858,オズ,喫茶店,3.0,1,https://tabelog.com/ishikawa/A1701/A170102/17002858/,石川県/河北郡津幡町/太田/ヘ-48-10,36.646555207133446,136.722236296269,火・水・木・金・土/09:00 - 16:00/月・日/定休日,,-,-,
17009038,本家かまどや 津幡店,弁当,3.38, - ,https://tabelog.com/ishikawa/A1701/A170102/17009038/,石川県/河北郡津幡町/太田/ラ230-3,36.65087142713159,136.72501797631065,10:00 - 15:00/17:00 - 22:00 ■ 定休日/不定休,,-,-,
17009478,ミエル,洋食,3.26,59,https://tabelog.com/ishikawa/A1701/A170102/17009478/,石川県/河北郡津幡町/北中条/2-15,36.662555347125014,136.7276690864268,月・水・木・金・土・日/11:00 - 21:00/火/定休日 ■ 定休日/第2水曜日,予約可,"￥1,000～￥1,999","￥1,000～￥1,999",
17010455,そば処くらみつ,そば,3.25,21,https://tabelog.com/ishikawa/A1701/A170102/17010455/,石川県/河北郡津幡町/字倉見ツ1-1,36.67992833712431,136.76010353657958,■ 営業時間/11:40～麺切れ終い/■定休日/火曜日、水曜日、木曜日、金曜日,予約可,-,"￥1,000～￥1,999",
17012466,麺屋大河 金澤タンメン,ラーメン,3.16,46,https://tabelog.com/ishikawa/A1701/A170102/17012466/,石川県/河北郡津幡町/字庄ホ32-1,36.67786820349063,136.7218232179253,火・水・木・金・土・日・祝日/11:30 - 14:30/17:30 - 21:00/月/定休日 ■ 定休日/月曜日 ※祝日の場合翌日,予約不可,-,"￥1,000～￥1,999",2020年9月18日
17007855,もみの木カフェ,洋菓子,3.15,33,https://tabelog.com/ishikawa/A1701/A170102/17007855/,石川県/河北郡津幡町/清水/チ332-2,36.67553392711826,136.73235346655463,月・火・水・木・金・土/10:00 - 18:30/日/定休日,予約可,-,-,
17011358,中華萬菜赤兎,中華料理,3.11,15,https://tabelog.com/ishikawa/A1701/A170102/17011358/,石川県/河北郡津幡町/北中条/4-44,36.66302266712535,136.7296685064301,月・火・水・金・土・日/11:00 - 15:00/L.O. 料理14:30/17:30 - 21:00/木/定休日,予約可,"￥1,000～￥1,999",-,
17011352,かほくがた牧場アイス工房 ラグーン 津幡店,ジェラート・アイスクリーム、ソフトクリーム、カフェ,3.11,20,https://tabelog.com/ishikawa/A1701/A170102/17011352/,石川県/河北郡津幡町/南中条/ト182,36.65803153712837,136.72919769638003,月・火・木・金・土・日/12:00 - 18:00/水/定休日 ■ 定休日/第二木曜日、第四木曜日,予約不可,～￥999,～￥999,2020年3月20日
17004717,寿司本舗たまや,寿司、海鮮丼、海鮮,3.1,7,https://tabelog.com/ishikawa/A1701/A170102/17004717/,石川県/河北郡津幡町/加賀爪/ヌ-5,36.668677897123914,136.73641547648253,火・水・木・金・土・日・祝日/11:30 - 14:15/L.O. 料理14:00/17:00 - 21:30/L.O. 料理21:00/月/定休日 ■ 定休日/月曜日（祝日の場合は翌日火曜日）,予約可,"￥2,000～￥2,999","￥1,000～￥1,999",
17006551,風車 倶利迦羅不動寺山頂堂境内食堂,そば、カフェ,3.09,20,https://tabelog.com/ishikawa/A1701/A170102/17006551/,石川県/河北郡津幡町/倶利伽羅/リ-2/倶利伽羅不動寺山頂堂境内,36.663551093745205,136.81552192877655,09:00 - 17:00 ■ 営業時間/※天候等で16時前後に短縮あり/■ 定休日/不定休,予約不可,-,～￥999,
17004578,与市,居酒屋,3.09,21,https://tabelog.com/ishikawa/A1701/A170102/17004578/,石川県/河北郡津幡町/北中条/4-11,36.66276368712585,136.73071787642678,,予約可,-,-,
17012486,高級食パン専門店 おい!なんだこれは! 津幡店,パン,0.0,9,https://tabelog.com/ishikawa/A1701/A170102/17012486/,石川県/河北郡津幡町/北中条/6-91,36.66019475712657,136.72785633640285,10:00 - 18:00,,-,-,2020年10月24日
17009780,石川ゴルフ倶楽部 レストラン,レストラン,3.05,8,https://tabelog.com/ishikawa/A1701/A170102/17009780/,石川県/河北郡津幡町/大坪/井1,36.64603253633875,136.75470999507917,月・火・水・木・金/08:30 - 16:00/土・日・祝日/06:30 - 16:00,予約可,-,-,
17009478,ミエル,洋食,3.38,59,https://tabelog.com/ishikawa/A1701/A170102/17009478/,石川県/河北郡津幡町/北中条/2-15,36.662555347125014,136.7276690864268,月・水・木・金・土・日/11:00 - 21:00/火/定休日 ■ 定休日/第2水曜日,予約可,"￥1,000～￥1,999","￥1,000～￥1,999",
17010455,そば処くらみつ,そば,3.26,21,https://tabelog.com/ishikawa/A1701/A170102/17010455/,石川県/河北郡津幡町/字倉見ツ1-1,36.67992833712431,136.76010353657958,■ 営業時間/11:40～麺切れ終い/■定休日/火曜日、水曜日、木曜日、金曜日,予約可,-,"￥1,000～￥1,999",
17012466,麺屋大河 金澤タンメン,ラーメン,3.25,46,https://tabelog.com/ishikawa/A1701/A170102/17012466/,石川県/河北郡津幡町/字庄ホ32-1,36.67786820349063,136.7218232179253,火・水・木・金・土・日・祝日/11:30 - 14:30/17:30 - 21:00/月/定休日 ■ 定休日/月曜日 ※祝日の場合翌日,予約不可,-,"￥1,000～￥1,999",2020年9月18日
17007855,もみの木カフェ,洋菓子,3.16,33,https://tabelog.com/ishikawa/A1701/A170102/17007855/,石川県/河北郡津幡町/清水/チ332-2,36.67553392711826,136.73235346655463,月・火・水・木・金・土/10:00 - 18:30/日/定休日,予約可,-,-,
17011358,中華萬菜赤兎,中華料理,3.15,15,https://tabelog.com/ishikawa/A1701/A170102/17011358/,石川県/河北郡津幡町/北中条/4-44,36.66302266712535,136.7296685064301,月・火・水・金・土・日/11:00 - 15:00/L.O. 料理14:30/17:30 - 21:00/木/定休日,予約可,"￥1,000～￥1,999",-,
17011352,かほくがた牧場アイス工房 ラグーン 津幡店,ジェラート・アイスクリーム、ソフトクリーム、カフェ,3.11,20,https://tabelog.com/ishikawa/A1701/A170102/17011352/,石川県/河北郡津幡町/南中条/ト182,36.65803153712837,136.72919769638003,月・火・木・金・土・日/12:00 - 18:00/水/定休日 ■ 定休日/第二木曜日、第四木曜日,予約不可,～￥999,～￥999,2020年3月20日
17004717,寿司本舗たまや,寿司、海鮮丼、海鮮,3.11,7,https://tabelog.com/ishikawa/A1701/A170102/17004717/,石川県/河北郡津幡町/加賀爪/ヌ-5,36.668677897123914,136.73641547648253,火・水・木・金・土・日・祝日/11:30 - 14:15/L.O. 料理14:00/17:00 - 21:30/L.O. 料理21:00/月/定休日 ■ 定休日/月曜日（祝日の場合は翌日火曜日）,予約可,"￥2,000～￥2,999","￥1,000～￥1,999",
17006551,風車 倶利迦羅不動寺山頂堂境内食堂,そば、カフェ,3.1,20,https://tabelog.com/ishikawa/A1701/A170102/17006551/,石川県/河北郡津幡町/倶利伽羅/リ-2/倶利伽羅不動寺山頂堂境内,36.663551093745205,136.81552192877655,09:00 - 17:00 ■ 営業時間/※天候等で16時前後に短縮あり/■ 定休日/不定休,予約不可,-,～￥999,
17004578,与市,居酒屋,3.09,21,https://tabelog.com/ishikawa/A1701/A170102/17004578/,石川県/河北郡津幡町/北中条/4-11,36.66276368712585,136.73071787642678,,予約可,-,-,
17012486,高級食パン専門店 おい!なんだこれは! 津幡店,パン,3.09,9,https://tabelog.com/ishikawa/A1701/A170102/17012486/,石川県/河北郡津幡町/北中条/6-91,36.66019475712657,136.72785633640285,10:00 - 18:00,,-,-,2020年10月24日
17004717,寿司本舗たまや,寿司、海鮮丼、海鮮,3.11,7,https://tabelog.com/ishikawa/A1701/A170102/17004717/,石川県/河北郡津幡町/加賀爪/ヌ-5,36.668677897123914,136.73641547648253,火・水・木・金・土・日・祝日/11:30 - 14:15/L.O. 料理14:00/17:00 - 21:30/L.O. 料理21:00/月/定休日 ■ 定休日/月曜日（祝日の場合は翌日火曜日）,予約可,"￥2,000～￥2,999","￥1,000～￥1,999",
17003861,季節料理　和,日本料理、海鮮、海鮮丼,3.06,7,https://tabelog.com/ishikawa/A1701/A170102/17003861/,石川県/河北郡津幡町/加賀爪/ル-201,36.6690140571247,136.73957708648368,月・水・木・金・土・日/11:30 - 14:00/L.O. 料理13:30/17:00 - 22:00/L.O. 料理21:30/火/定休日,予約可,-,-,
17004681,割烹大竹,日本料理,3.04,4,https://tabelog.com/ishikawa/A1701/A170102/17004681/,石川県/河北郡津幡町/加賀爪/ホ-435,36.6693100271233,136.73577717648934,11:30 - 14:30/16:30 - 23:30,予約可,-,-,
17003180,GRILL せど,喫茶店,3.03,2,https://tabelog.com/ishikawa/A1701/A170102/17003180/,石川県/河北郡津幡町/加賀爪/ホ218/カジマートみなみ店,36.66865813712357,136.7353029964831,,,-,～￥999,
17014837,おかし工房 やゐさ,ケーキ、洋菓子,3.02,2,https://tabelog.com/ishikawa/A1701/A170102/17014837/,石川県/河北郡津幡町/加賀爪/は75/プレジールカリタス 1F,36.66958411712185,136.73175664649494,月・火・水・木・金・土/11:00 - 17:00/日/定休日,,-,-,
17011633,カジマート みなみ店,コンビニ・スーパー,0.0,3,https://tabelog.com/ishikawa/A1701/A170102/17011633/,石川県/河北郡津幡町/加賀爪/ホ218,36.66872932712349,136.7352171964839,09:00 - 21:30,,-,-,
17014827,ランチ喫茶 ごちそうSUN,食堂,0.0,2,https://tabelog.com/ishikawa/A1701/A170102/17014827/,石川県/河北郡津幡町/加賀爪/ニ3/津幡町役場福祉センター棟 1F,36.66843316484873,136.7285252293157,月・火・水・金/11:30 - 14:00/木/11:00 - 14:00/土・日・祝日/定休日,予約不可,-,～￥999,2023年11月1日
17004454,花雪,喫茶店,0.0, - ,https://tabelog.com/ishikawa/A1701/A170102/17004454/,石川県/河北郡津幡町/加賀爪/ニ-63-13,36.669382636316044,136.72998889533238,,,-,-,
17002445,美満寿,寿司,0.0, - ,https://tabelog.com/ishikawa/A1701/A170102/17002445/,石川県/河北郡津幡町/加賀爪/ハ-69-1,36.67015839712157,136.73201589650054,,予約可,-,-,
17003651,羽衣,日本料理,0.0, - ,https://tabelog.com/ishikawa/A1701/A170102/17003651/,石川県/河北郡津幡町/加賀爪/ホ-402,36.66940972712316,136.73551477649053,,,-,-,
17002435,藤よし,寿司、創作料理,3.06,8,https://tabelog.com/ishikawa/A1701/A170102/17002435/,石川県/河北郡津幡町/潟端/393-2,36.655061636320276,136.71471689519842,月・火・木・金・土・日/12:00 - 14:00/17:00 - 22:00/水/定休日,予約可,-,"￥1,000～￥1,999",
17002000,焼肉カントリー,焼肉,3.38,1,https://tabelog.com/ishikawa/A1701/A170102/17002000/,石川県/河北郡津幡町/潟端/369-5,36.65618863631922,136.71364989521052,,,-,-,
17009478,ミエル,洋食,3.26,59,https://tabelog.com/ishikawa/A1701/A170102/17009478/,石川県/河北郡津幡町/北中条/2-15,36.662555347125014,136.7276690864268,月・水・木・金・土・日/11:00 - 21:00/火/定休日 ■ 定休日/第2水曜日,予約可,"￥1,000～￥1,999","￥1,000～￥1,999",
17010455,そば処くらみつ,そば,3.25,21,https://tabelog.com/ishikawa/A1701/A170102/17010455/,石川県/河北郡津幡町/字倉見ツ1-1,36.67992833712431,136.76010353657958,■ 営業時間/11:40～麺切れ終い/■定休日/火曜日、水曜日、木曜日、金曜日,予約可,-,"￥1,000～￥1,999",
17012466,麺屋大河 金澤タンメン,ラーメン,3.16,46,https://tabelog.com/ishikawa/A1701/A170102/17012466/,石川県/河北郡津幡町/字庄ホ32-1,36.67786820349063,136.7218232179253,火・水・木・金・土・日・祝日/11:30 - 14:30/17:30 - 21:00/月/定休日 ■ 定休日/月曜日 ※祝日の場合翌日,予約不可,-,"￥1,000～￥1,999",2020年9月18日
17007855,もみの木カフェ,洋菓子,3.15,33,https://tabelog.com/ishikawa/A1701/A170102/17007855/,石川県/河北郡津幡町/清水/チ332-2,36.67553392711826,136.73235346655463,月・火・水・木・金・土/10:00 - 18:30/日/定休日,予約可,-,-,
17011358,中華萬菜赤兎,中華料理,3.11,15,https://tabelog.com/ishikawa/A1701/A170102/17011358/,石川県/河北郡津幡町/北中条/4-44,36.66302266712535,136.7296685064301,月・火・水・金・土・日/11:00 - 15:00/L.O. 料理14:30/17:30 - 21:00/木/定休日,予約可,"￥1,000～￥1,999",-,
17011352,かほくがた牧場アイス工房 ラグーン 津幡店,ジェラート・アイスクリーム、ソフトクリーム、カフェ,3.11,20,https://tabelog.com/ishikawa/A1701/A170102/17011352/,石川県/河北郡津幡町/南中条/ト182,36.65803153712837,136.72919769638003,月・火・木・金・土・日/12:00 - 18:00/水/定休日 ■ 定休日/第二木曜日、第四木曜日,予約不可,～￥999,～￥999,2020年3月20日
17004717,寿司本舗たまや,寿司、海鮮丼、海鮮,3.1,7,https://tabelog.com/ishikawa/A1701/A170102/17004717/,石川県/河北郡津幡町/加賀爪/ヌ-5,36.668677897123914,136.73641547648253,火・水・木・金・土・日・祝日/11:30 - 14:15/L.O. 料理14:00/17:00 - 21:30/L.O. 料理21:00/月/定休日 ■ 定休日/月曜日（祝日の場合は翌日火曜日）,予約可,"￥2,000～￥2,999","￥1,000～￥1,999",
17006551,風車 倶利迦羅不動寺山頂堂境内食堂,そば、カフェ,3.09,20,https://tabelog.com/ishikawa/A1701/A170102/17006551/,石川県/河北郡津幡町/倶利伽羅/リ-2/倶利伽羅不動寺山頂堂境内,36.663551093745205,136.81552192877655,09:00 - 17:00 ■ 営業時間/※天候等で16時前後に短縮あり/■ 定休日/不定休,予約不可,-,～￥999,
17004578,与市,居酒屋,3.09,21,https://tabelog.com/ishikawa/A1701/A170102/17004578/,石川県/河北郡津幡町/北中条/4-11,36.66276368712585,136.73071787642678,,予約可,-,-,
17012486,高級食パン専門店 おい!なんだこれは! 津幡店,パン,0.0,9,https://tabelog.com/ishikawa/A1701/A170102/17012486/,石川県/河北郡津幡町/北中条/6-91,36.66019475712657,136.72785633640285,10:00 - 18:00,,-,-,2020年10月24日
17015167,cafe蔵,カフェ,3.02,3,https://tabelog.com/ishikawa/A1701/A170102/17015167/,石川県/河北郡津幡町/上河合/ハ66,36.737730747100144,136.79949556713578,土・日・祝日/10:00 - 16:00/月・火・水・木・金/定休日,,-,-,2025年4月5日
17009478,ミエル,洋食,3.38,59,https://tabelog.com/ishikawa/A1701/A170102/17009478/,石川県/河北郡津幡町/北中条/2-15,36.662555347125014,136.7276690864268,月・水・木・金・土・日/11:00 - 21:00/火/定休日 ■ 定休日/第2水曜日,予約可,"￥1,000～￥1,999","￥1,000～￥1,999",
17010455,そば処くらみつ,そば,3.26,21,https://tabelog.com/ishikawa/A1701/A170102/17010455/,石川県/河北郡津幡町/字倉見ツ1-1,36.67992833712431,136.76010353657958,■ 営業時間/11:40～麺切れ終い/■定休日/火曜日、水曜日、木曜日、金曜日,予約可,-,"￥1,000～￥1,999",
17012466,麺屋大河 金澤タンメン,ラーメン,3.25,46,https://tabelog.com/ishikawa/A1701/A170102/17012466/,石川県/河北郡津幡町/字庄ホ32-1,36.67786820349063,136.7218232179253,火・水・木・金・土・日・祝日/11:30 - 14:30/17:30 - 21:00/月/定休日 ■ 定休日/月曜日 ※祝日の場合翌日,予約不可,-,"￥1,000～￥1,999",2020年9月18日
17007855,もみの木カフェ,洋菓子,3.16,33,https://tabelog.com/ishikawa/A1701/A170102/17007855/,石川県/河北郡津幡町/清水/チ332-2,36.67553392711826,136.73235346655463,月・火・水・木・金・土/10:00 - 18:30/日/定休日,予約可,-,-,
17011358,中華萬菜赤兎,中華料理,3.15,15,https://tabelog.com/ishikawa/A1701/A170102/17011358/,石川県/河北郡津幡町/北中条/4-44,36.66302266712535,136.7296685064301,月・火・水・金・土・日/11:00 - 15:00/L.O. 料理14:30/17:30 - 21:00/木/定休日,予約可,"￥1,000～￥1,999",-,
17011352,かほくがた牧場アイス工房 ラグーン 津幡店,ジェラート・アイスクリーム、ソフトクリーム、カフェ,3.11,20,https://tabelog.com/ishikawa/A1701/A170102/17011352/,石川県/河北郡津幡町/南中条/ト182,36.65803153712837,136.72919769638003,月・火・木・金・土・日/12:00 - 18:00/水/定休日 ■ 定休日/第二木曜日、第四木曜日,予約不可,～￥999,～￥999,2020年3月20日
17004717,寿司本舗たまや,寿司、海鮮丼、海鮮,3.11,7,https://tabelog.com/ishikawa/A1701/A170102/17004717/,石川県/河北郡津幡町/加賀爪/ヌ-5,36.668677897123914,136.73641547648253,火・水・木・金・土・日・祝日/11:30 - 14:15/L.O. 料理14:00/17:00 - 21:30/L.O. 料理21:00/月/定休日 ■ 定休日/月曜日（祝日の場合は翌日火曜日）,予約可,"￥2,000～￥2,999","￥1,000～￥1,999",
17006551,風車 倶利迦羅不動寺山頂堂境内食堂,そば、カフェ,3.1,20,https://tabelog.com/ishikawa/A1701/A170102/17006551/,石川県/河北郡津幡町/倶利伽羅/リ-2/倶利伽羅不動寺山頂堂境内,36.663551093745205,136.81552192877655,09:00 - 17:00 ■ 営業時間/※天候等で16時前後に短縮あり/■ 定休日/不定休,予約不可,-,～￥999,
17004578,与市,居酒屋,3.09,21,https://tabelog.com/ishikawa/A1701/A170102/17004578/,石川県/河北郡津幡町/北中条/4-11,36.66276368712585,136.73071787642678,,予約可,-,-,
17012486,高級食パン専門店 おい!なんだこれは! 津幡店,パン,3.09,9,https://tabelog.com/ishikawa/A1701/A170102/17012486/,石川県/河北郡津幡町/北中条/6-91,36.66019475712657,136.72785633640285,10:00 - 18:00,,-,-,2020年10月24日
17013903,やたの湯,その他,3.38, - ,https://tabelog.com/ishikawa/A1701/A170102/17013903/,石川県/河北郡津幡町/上矢田/ハ22,36.70704821710329,136.74820672686184,月・火・水・木・金/16:00 - 21:00/土・日/12:00 - 21:00,,-,"￥1,000～￥1,999",
17009478,ミエル,洋食,3.26,59,https://tabelog.com/ishikawa/A1701/A170102/17009478/,石川県/河北郡津幡町/北中条/2-15,36.662555347125014,136.7276690864268,月・水・木・金・土・日/11:00 - 21:00/火/定休日 ■ 定休日/第2水曜日,予約可,"￥1,000～￥1,999","￥1,000～￥1,999",
17010455,そば処くらみつ,そば,3.25,21,https://tabelog.com/ishikawa/A1701/A170102/17010455/,石川県/河北郡津幡町/字倉見ツ1-1,36.67992833712431,136.76010353657958,■ 営業時間/11:40～麺切れ終い/■定休日/火曜日、水曜日、木曜日、金曜日,予約可,-,"￥1,000～￥1,999",
17012466,麺屋大河 金澤タンメン,ラーメン,3.16,46,https://tabelog.com/ishikawa/A1701/A170102/17012466/,石川県/河北郡津幡町/字庄ホ32-1,36.67786820349063,136.7218232179253,火・水・木・金・土・日・祝日/11:30 - 14:30/17:30 - 21:00/月/定休日 ■ 定休日/月曜日 ※祝日の場合翌日,予約不可,-,"￥1,000～￥1,999",2020年9月18日
17007855,もみの木カフェ,洋菓子,3.15,33,https://tabelog.com/ishikawa/A1701/A170102/17007855/,石川県/河北郡津幡町/清水/チ332-2,36.67553392711826,136.73235346655463,月・火・水・木・金・土/10:00 - 18:30/日/定休日,予約可,-,-,
17011358,中華萬菜赤兎,中華料理,3.11,15,https://tabelog.com/ishikawa/A1701/A170102/17011358/,石川県/河北郡津幡町/北中条/4-44,36.66302266712535,136.7296685064301,月・火・水・金・土・日/11:00 - 15:00/L.O. 料理14:30/17:30 - 21:00/木/定休日,予約可,"￥1,000～￥1,999",-,
17011352,かほくがた牧場アイス工房 ラグーン 津幡店,ジェラート・アイスクリーム、ソフトクリーム、カフェ,3.11,20,https://tabelog.com/ishikawa/A1701/A170102/17011352/,石川県/河北郡津幡町/南中条/ト182,36.65803153712837,136.72919769638003,月・火・木・金・土・日/12:00 - 18:00/水/定休日 ■ 定休日/第二木曜日、第四木曜日,予約不可,～￥999,～￥999,2020年3月20日
17004717,寿司本舗たまや,寿司、海鮮丼、海鮮,3.1,7,https://tabelog.com/ishikawa/A1701/A170102/17004717/,石川県/河北郡津幡町/加賀爪/ヌ-5,36.668677897123914,136.73641547648253,火・水・木・金・土・日・祝日/11:30 - 14:15/L.O. 料理14:00/17:00 - 21:30/L.O. 料理21:00/月/定休日 ■ 定休日/月曜日（祝日の場合は翌日火曜日）,予約可,"￥2,000～￥2,999","￥1,000～￥1,999",
17006551,風車 倶利迦羅不動寺山頂堂境内食堂,そば、カフェ,3.09,20,https://tabelog.com/ishikawa/A1701/A170102/17006551/,石川県/河北郡津幡町/倶利伽羅/リ-2/倶利伽羅不動寺山頂堂境内,36.663551093745205,136.81552192877655,09:00 - 17:00 ■ 営業時間/※天候等で16時前後に短縮あり/■ 定休日/不定休,予約不可,-,～￥999,
17004578,与市,居酒屋,3.09,21,https://tabelog.com/ishikawa/A1701/A170102/17004578/,石川県/河北郡津幡町/北中条/4-11,36.66276368712585,136.73071787642678,,予約可,-,-,
17012486,高級食パン専門店 おい!なんだこれは! 津幡店,パン,0.0,9,https://tabelog.com/ishikawa/A1701/A170102/17012486/,石川県/河北郡津幡町/北中条/6-91,36.66019475712657,136.72785633640285,10:00 - 18:00,,-,-,2020年10月24日
17001718,むちゃむちゃ屋,焼き鳥,3.38, - ,https://tabelog.com/ishikawa/A1701/A170102/17001718/,石川県/河北郡津幡町/川尻/に359,36.66926782844521,136.71129865463283,,,-,-,
17009478,ミエル,洋食,3.26,59,https://tabelog.com/ishikawa/A1701/A170102/17009478/,石川県/河北郡津幡町/北中条/2-15,36.662555347125014,136.7276690864268,月・水・木・金・土・日/11:00 - 21:00/火/定休日 ■ 定休日/第2水曜日,予約可,"￥1,000～￥1,999","￥1,000～￥1,999",
17010455,そば処くらみつ,そば,3.25,21,https://tabelog.com/ishikawa/A1701/A170102/17010455/,石川県/河北郡津幡町/字倉見ツ1-1,36.67992833712431,136.76010353657958,■ 営業時間/11:40～麺切れ終い/■定休日/火曜日、水曜日、木曜日、金曜日,予約可,-,"￥1,000～￥1,999",
17012466,麺屋大河 金澤タンメン,ラーメン,3.16,46,https://tabelog.com/ishikawa/A1701/A170102/17012466/,石川県/河北郡津幡町/字庄ホ32-1,36.67786820349063,136.7218232179253,火・水・木・金・土・日・祝日/11:30 - 14:30/17:30 - 21:00/月/定休日 ■ 定休日/月曜日 ※祝日の場合翌日,予約不可,-,"￥1,000～￥1,999",2020年9月18日
17007855,もみの木カフェ,洋菓子,3.15,33,https://tabelog.com/ishikawa/A1701/A170102/17007855/,石川県/河北郡津幡町/清水/チ332-2,36.67553392711826,136.73235346655463,月・火・水・木・金・土/10:00 - 18:30/日/定休日,予約可,-,-,
17011358,中華萬菜赤兎,中華料理,3.11,15,https://tabelog.com/ishikawa/A1701/A170102/17011358/,石川県/河北郡津幡町/北中条/4-44,36.66302266712535,136.7296685064301,月・火・水・金・土・日/11:00 - 15:00/L.O. 料理14:30/17:30 - 21:00/木/定休日,予約可,"￥1,000～￥1,999",-,
17011352,かほくがた牧場アイス工房 ラグーン 津幡店,ジェラート・アイスクリーム、ソフトクリーム、カフェ,3.11,20,https://tabelog.com/ishikawa/A1701/A170102/17011352/,石川県/河北郡津幡町/南中条/ト182,36.65803153712837,136.72919769638003,月・火・木・金・土・日/12:00 - 18:00/水/定休日 ■ 定休日/第二木曜日、第四木曜日,予約不可,～￥999,～￥999,2020年3月20日
17004717,寿司本舗たまや,寿司、海鮮丼、海鮮,3.1,7,https://tabelog.com/ishikawa/A1701/A170102/17004717/,石川県/河北郡津幡町/加賀爪/ヌ-5,36.668677897123914,136.73641547648253,火・水・木・金・土・日・祝日/11:30 - 14:15/L.O. 料理14:00/17:00 - 21:30/L.O. 料理21:00/月/定休日 ■ 定休日/月曜日（祝日の場合は翌日火曜日）,予約可,"￥2,000～￥2,999","￥1,000～￥1,999",
17006551,風車 倶利迦羅不動寺山頂堂境内食堂,そば、カフェ,3.09,20,https://tabelog.com/ishikawa/A1701/A170102/17006551/,石川県/河北郡津幡町/倶利伽羅/リ-2/倶利伽羅不動寺山頂堂境内,36.663551093745205,136.81552192877655,09:00 - 17:00 ■ 営業時間/※天候等で16時前後に短縮あり/■ 定休日/不定休,予約不可,-,～￥999,
17004578,与市,居酒屋,3.09,21,https://tabelog.com/ishikawa/A1701/A170102/17004578/,石川県/河北郡津幡町/北中条/4-11,36.66276368712585,136.73071787642678,,予約可,-,-,
17012486,高級食パン専門店 おい!なんだこれは! 津幡店,パン,0.0,9,https://tabelog.com/ishikawa/A1701/A170102/17012486/,石川県/河北郡津幡町/北中条/6-91,36.66019475712657,136.72785633640285,10:00 - 18:00,,-,-,2020年10月24日
17009478,ミエル,洋食,3.38,59,https://tabelog.com/ishikawa/A1701/A170102/17009478/,石川県/河北郡津幡町/北中条/2-15,36.662555347125014,136.7276690864268,月・水・木・金・土・日/11:00 - 21:00/火/定休日 ■ 定休日/第2水曜日,予約可,"￥1,000～￥1,999","￥1,000～￥1,999",
17011358,中華萬菜赤兎,中華料理,3.15,15,https://tabelog.com/ishikawa/A1701/A170102/17011358/,石川県/河北郡津幡町/北中条/4-44,36.66302266712535,136.7296685064301,月・火・水・金・土・日/11:00 - 15:00/L.O. 料理14:30/17:30 - 21:00/木/定休日,予約可,"￥1,000～￥1,999",-,
17004578,与市,居酒屋,3.09,21,https://tabelog.com/ishikawa/A1701/A170102/17004578/,石川県/河北郡津幡町/北中条/4-11,36.66276368712585,136.73071787642678,,予約可,-,-,
17012486,高級食パン専門店 おい!なんだこれは! 津幡店,パン,3.09,9,https://tabelog.com/ishikawa/A1701/A170102/17012486/,石川県/河北郡津幡町/北中条/6-91,36.66019475712657,136.72785633640285,10:00 - 18:00,,-,-,2020年10月24日
17012998,ミスターシェフ 津幡,サンドイッチ,3.06,8,https://tabelog.com/ishikawa/A1701/A170102/17012998/,石川県/河北郡津幡町/北中条/6-91/おい!なんだこれは! 津幡店,36.660232036321204,136.72794319524138,月・火・水・木・金・土・日・祝日・祝前日・祝後日/24時間営業 有人販売は7:00～17:00です。/その他無人販売で24時間営業をしています。/（売り切れ次第終了）,予約可,～￥999,～￥999,2021年4月24日
17004292,ビストロ･カズ,フレンチ,3.05,8,https://tabelog.com/ishikawa/A1701/A170102/17004292/,石川県/河北郡津幡町/北中条/2-8,36.66159965712559,136.72757247641724,月・火・水・木・金・土/11:30 - 14:00/18:00 - 21:00/日/定休日,,-,"￥1,000～￥1,999",
17011678,ここ音 アルプラザ津幡店,たい焼き・大判焼き、たこ焼き,3.04,3,https://tabelog.com/ishikawa/A1701/A170102/17011678/,石川県/河北郡津幡町/北中条/1-1,36.661103457125165,136.72523343641382,,,～￥999,～￥999,
17006027,CoCo壱番屋 石川津幡店,カレー,3.02,13,https://tabelog.com/ishikawa/A1701/A170102/17006027/,石川県/河北郡津幡町/北中条/6-81,36.66115263632068,136.72808689525056,11:00 - 22:00/L.O. 22:00,予約不可,-,"￥1,000～￥1,999",
17007883,たんたん屋,焼き鳥,3.02,4,https://tabelog.com/ishikawa/A1701/A170102/17007883/,石川県/河北郡津幡町/北中条/11-100-4,36.66350550286376,136.7337067811704,月・火・木・金・土・日/17:00 - 01:00/水/定休日,予約可,"￥3,000～￥3,999",-,
17008082,カフワ,喫茶店、カフェ,3.02,2,https://tabelog.com/ishikawa/A1701/A170102/17008082/,石川県/河北郡津幡町/北中条/2街区1-1,36.662546437124995,136.727655796427,月・火・水・木・金・土/10:00 - 19:00/日/定休日,,-,-,
17005334,ケンタッキー フライドチキン アル･プラザ津幡店,アメリカ料理、ハンバーガー、鳥料理,3.01,9,https://tabelog.com/ishikawa/A1701/A170102/17005334/,石川県/河北郡津幡町/北中条/1街区1,36.661218467125195,136.72555984641477,10:15 - 20:00,予約不可,-,～￥999,
17008527,ミスタードーナツ アルプラザ津幡ショップ,ドーナツ,3.01,9,https://tabelog.com/ishikawa/A1701/A170102/17008527/,石川県/河北郡津幡町/北中条/1-1/アルプラザ津幡,36.660912747125316,136.72534123641185,月・火・水・木・金・土/10:00 - 21:00/日/09:00 - 21:00,予約可,-,-,
17005133,カルビ大将 津幡店,焼肉、ホルモン、韓国料理,3.01,9,https://tabelog.com/ishikawa/A1701/A170102/17005133/,石川県/河北郡津幡町/北中条/1-6,36.660058897126525,136.72741690640177,月・火・水・木・金・土・日・祝日・祝前日/11:00 - 23:00/L.O. 料理22:30 年末年始・お盆・GW期間など営業時間が上記と異なる場合がございますので、最新の情報は店舗へお問い合わせ下さい。,予約可,"￥2,000～￥2,999","￥1,000～￥1,999",
17010775,焼肉 蔵 津幡店,焼肉,3.01,8,https://tabelog.com/ishikawa/A1701/A170102/17010775/,石川県/河北郡津幡町/北中条/5-92,36.66163062712579,136.72826208641706,11:00 - 00:00/L.O. 23:30,予約可,-,-,
17005330,マクドナルド 津幡アルプラザ店,ハンバーガー,3.01,7,https://tabelog.com/ishikawa/A1701/A170102/17005330/,石川県/河北郡津幡町/北中条/1-8,36.6599591871259,136.72525008640227,07:00 - 23:00,予約可,-,-,
17005745,道とん堀 津幡店,お好み焼き、もんじゃ焼き、鉄板焼き,3.01,6,https://tabelog.com/ishikawa/A1701/A170102/17005745/,石川県/河北郡津幡町/北中条/29街区3,36.66319572452039,136.7285969420266,■ 営業時間/お電話にて直接店舗へお問合せください/■ 定休日/お電話にて直接店舗へお問合せください,予約可,"￥1,000～￥1,999",～￥999,
17015015,シャトレーゼ 津幡店,スイーツ、ケーキ,3.01,3,https://tabelog.com/ishikawa/A1701/A170102/17015015/,石川県/河北郡津幡町/北中条/2-2,36.66245746712513,136.7278280664257,09:00 - 21:00,,-,-,2025年1月15日
17014883,四季紅 アル・プラザ津幡 ,台湾料理,3.0,5,https://tabelog.com/ishikawa/A1701/A170102/17014883/,石川県/河北郡津幡町/北中条/1-1/アルプラザ津幡 1F,36.66095744508759,136.72515468327975,11:00 - 20:00 ■ 定休日/アルプラザ津幡店に準ずる,,-,-,
17014892,やぐら,うどん、そば、丼,3.0,2,https://tabelog.com/ishikawa/A1701/A170102/17014892/,石川県/河北郡津幡町/北中条/1-1,36.66108795003489,136.72489074996463,,,-,-,2024年5月2日
17015587,トゥール・モンド・シュシュ アル・プラザ津幡店,洋菓子、ケーキ、スイーツ,3.0,2,https://tabelog.com/ishikawa/A1701/A170102/17015587/,石川県/河北郡津幡町/北中条/1-1/アル・プラザ津幡,36.661169711475225,136.7251536064487,月・火・水・木・金/10:00 - 21:00/土・日・祝日/09:00 - 21:00,,-,-,2025年11月28日
17013752,パリクロアッサン 津幡店,パン,3.0,1,https://tabelog.com/ishikawa/A1701/A170102/17013752/,石川県/河北郡津幡町/北中条/1-1/アル・プラザ津幡,36.66121693631981,136.725537595253,10:00 - 21:00,予約不可,-,-,
17013560,シャルマダイニング,インドカレー、インド料理,0.0,2,https://tabelog.com/ishikawa/A1701/A170102/17013560/,石川県/河北郡津幡町/北中条/1-1/アルプラザ津幡 1F,36.661276898164516,136.7249863047754,■ 定休日/アルプラザ津幡店に準ずる,,-,-,2020年7月
17015664,肉のマルチョウ神戸屋 アル・プラザ津幡店,惣菜・デリ,0.0,1,https://tabelog.com/ishikawa/A1701/A170102/17015664/,石川県/河北郡津幡町/北中条/1-1/アル・プラザ津幡,36.66120793712519,136.7255285964147,月・火・水・木・金/10:00 - 21:00/土・日・祝日/09:00 - 21:00,,-,-,
17013237,喫茶 シグナス,喫茶店,0.0, - ,https://tabelog.com/ishikawa/A1701/A170102/17013237/,石川県/河北郡津幡町/北中条/3-1/津幡町文化会館シグナス 1F,36.66346872714106,136.72723815341584,10:00 - 16:00 ■ 定休日/津幡町文化会館シグナスに準ずる,,-,～￥999,
17006551,風車 倶利迦羅不動寺山頂堂境内食堂,そば、カフェ,3.1,20,https://tabelog.com/ishikawa/A1701/A170102/17006551/,石川県/河北郡津幡町/倶利伽羅/リ-2/倶利伽羅不動寺山頂堂境内,36.663551093745205,136.81552192877655,09:00 - 17:00 ■ 営業時間/※天候等で16時前後に短縮あり/■ 定休日/不定休,予約不可,-,～￥999,
17009478,ミエル,洋食,3.38,59,https://tabelog.com/ishikawa/A1701/A170102/17009478/,石川県/河北郡津幡町/北中条/2-15,36.662555347125014,136.7276690864268,月・水・木・金・土・日/11:00 - 21:00/火/定休日 ■ 定休日/第2水曜日,予約可,"￥1,000～￥1,999","￥1,000～￥1,999",
17010455,そば処くらみつ,そば,3.26,21,https://tabelog.com/ishikawa/A1701/A170102/17010455/,石川県/河北郡津幡町/字倉見ツ1-1,36.67992833712431,136.76010353657958,■ 営業時間/11:40～麺切れ終い/■定休日/火曜日、水曜日、木曜日、金曜日,予約可,-,"￥1,000～￥1,999",
17012466,麺屋大河 金澤タンメン,ラーメン,3.25,46,https://tabelog.com/ishikawa/A1701/A170102/17012466/,石川県/河北郡津幡町/字庄ホ32-1,36.67786820349063,136.7218232179253,火・水・木・金・土・日・祝日/11:30 - 14:30/17:30 - 21:00/月/定休日 ■ 定休日/月曜日 ※祝日の場合翌日,予約不可,-,"￥1,000～￥1,999",2020年9月18日
17007855,もみの木カフェ,洋菓子,3.16,33,https://tabelog.com/ishikawa/A1701/A170102/17007855/,石川県/河北郡津幡町/清水/チ332-2,36.67553392711826,136.73235346655463,月・火・水・木・金・土/10:00 - 18:30/日/定休日,予約可,-,-,
17011358,中華萬菜赤兎,中華料理,3.15,15,https://tabelog.com/ishikawa/A1701/A170102/17011358/,石川県/河北郡津幡町/北中条/4-44,36.66302266712535,136.7296685064301,月・火・水・金・土・日/11:00 - 15:00/L.O. 料理14:30/17:30 - 21:00/木/定休日,予約可,"￥1,000～￥1,999",-,
17011352,かほくがた牧場アイス工房 ラグーン 津幡店,ジェラート・アイスクリーム、ソフトクリーム、カフェ,3.11,20,https://tabelog.com/ishikawa/A1701/A170102/17011352/,石川県/河北郡津幡町/南中条/ト182,36.65803153712837,136.72919769638003,月・火・木・金・土・日/12:00 - 18:00/水/定休日 ■ 定休日/第二木曜日、第四木曜日,予約不可,～￥999,～￥999,2020年3月20日
17004717,寿司本舗たまや,寿司、海鮮丼、海鮮,3.11,7,https://tabelog.com/ishikawa/A1701/A170102/17004717/,石川県/河北郡津幡町/加賀爪/ヌ-5,36.668677897123914,136.73641547648253,火・水・木・金・土・日・祝日/11:30 - 14:15/L.O. 料理14:00/17:00 - 21:30/L.O. 料理21:00/月/定休日 ■ 定休日/月曜日（祝日の場合は翌日火曜日）,予約可,"￥2,000～￥2,999","￥1,000～￥1,999",
17004578,与市,居酒屋,3.09,21,https://tabelog.com/ishikawa/A1701/A170102/17004578/,石川県/河北郡津幡町/北中条/4-11,36.66276368712585,136.73071787642678,,予約可,-,-,
17012486,高級食パン専門店 おい!なんだこれは! 津幡店,パン,3.09,9,https://tabelog.com/ishikawa/A1701/A170102/17012486/,石川県/河北郡津幡町/北中条/6-91,36.66019475712657,136.72785633640285,10:00 - 18:00,,-,-,2020年10月24日
17007855,もみの木カフェ,洋菓子,3.16,33,https://tabelog.com/ishikawa/A1701/A170102/17007855/,石川県/河北郡津幡町/清水/チ332-2,36.67553392711826,136.73235346655463,月・火・水・木・金・土/10:00 - 18:30/日/定休日,予約可,-,-,
17005671,肉料理と酒の肴とおかず 焼肉亭 ポパイ,焼肉、韓国料理,3.01,6,https://tabelog.com/ishikawa/A1701/A170102/17005671/,石川県/河北郡津幡町/清水/イ140-1,36.67193599712113,136.73420800651698,火・水・木・金・土・日/17:00 - 00:00/月/定休日 ■ 定休日/月曜日（祝日の場合は営業、翌日お休み）,予約可,"￥3,000～￥3,999",-,1970年11月1日
17003607,みゆき,レストラン,3.38, - ,https://tabelog.com/ishikawa/A1701/A170102/17003607/,石川県/河北郡津幡町/清水/チ-347-4,36.67690855224009,136.73591264753927,,,-,-,
17002002,焼肉ポパイつばた亭,焼肉,3.26, - ,https://tabelog.com/ishikawa/A1701/A170102/17002002/,石川県/河北郡津幡町/清水/イ-140-1,36.67193477712114,136.73420703651695,,,-,-,
17007739,Wind,喫茶店、バー,3.25, - ,https://tabelog.com/ishikawa/A1701/A170102/17007739/,石川県/河北郡津幡町/清水/ア19,36.67508999711945,136.7351910665481,10:00 - 16:00/18:00 - 00:00,,-,-,
17002926,はる,喫茶店,3.15, - ,https://tabelog.com/ishikawa/A1701/A170102/17002926/,石川県/河北郡津幡町/清水/チ-354-2,36.673926737118904,136.73115775653923,,,-,-,
17002426,長さん,寿司,3.11, - ,https://tabelog.com/ishikawa/A1701/A170102/17002426/,石川県/河北郡津幡町/清水/チ372-1,36.6751256271182,136.7313354365512,月・火・木・金・土・日/17:00 - 22:00/水/定休日,予約可,"￥4,000～￥4,999",-,
17009478,ミエル,洋食,3.11,59,https://tabelog.com/ishikawa/A1701/A170102/17009478/,石川県/河北郡津幡町/北中条/2-15,36.662555347125014,136.7276690864268,月・水・木・金・土・日/11:00 - 21:00/火/定休日 ■ 定休日/第2水曜日,予約可,"￥1,000～￥1,999","￥1,000～￥1,999",
17010455,そば処くらみつ,そば,3.1,21,https://tabelog.com/ishikawa/A1701/A170102/17010455/,石川県/河北郡津幡町/字倉見ツ1-1,36.67992833712431,136.76010353657958,■ 営業時間/11:40～麺切れ終い/■定休日/火曜日、水曜日、木曜日、金曜日,予約可,-,"￥1,000～￥1,999",
17012466,麺屋大河 金澤タンメン,ラーメン,3.09,46,https://tabelog.com/ishikawa/A1701/A170102/17012466/,石川県/河北郡津幡町/字庄ホ32-1,36.67786820349063,136.7218232179253,火・水・木・金・土・日・祝日/11:30 - 14:30/17:30 - 21:00/月/定休日 ■ 定休日/月曜日 ※祝日の場合翌日,予約不可,-,"￥1,000～￥1,999",2020年9月18日
17011358,中華萬菜赤兎,中華料理,3.09,15,https://tabelog.com/ishikawa/A1701/A170102/17011358/,石川県/河北郡津幡町/北中条/4-44,36.66302266712535,136.7296685064301,月・火・水・金・土・日/11:00 - 15:00/L.O. 料理14:30/17:30 - 21:00/木/定休日,予約可,"￥1,000～￥1,999",-,
17011352,かほくがた牧場アイス工房 ラグーン 津幡店,ジェラート・アイスクリーム、ソフトクリーム、カフェ,0.0,20,https://tabelog.com/ishikawa/A1701/A170102/17011352/,石川県/河北郡津幡町/南中条/ト182,36.65803153712837,136.72919769638003,月・火・木・金・土・日/12:00 - 18:00/水/定休日 ■ 定休日/第二木曜日、第四木曜日,予約不可,～￥999,～￥999,2020年3月20日
17004717,寿司本舗たまや,寿司、海鮮丼、海鮮,0.0,7,https://tabelog.com/ishikawa/A1701/A170102/17004717/,石川県/河北郡津幡町/加賀爪/ヌ-5,36.668677897123914,136.73641547648253,火・水・木・金・土・日・祝日/11:30 - 14:15/L.O. 料理14:00/17:00 - 21:30/L.O. 料理21:00/月/定休日 ■ 定休日/月曜日（祝日の場合は翌日火曜日）,予約可,"￥2,000～￥2,999","￥1,000～￥1,999",
17006551,風車 倶利迦羅不動寺山頂堂境内食堂,そば、カフェ,0.0,20,https://tabelog.com/ishikawa/A1701/A170102/17006551/,石川県/河北郡津幡町/倶利伽羅/リ-2/倶利伽羅不動寺山頂堂境内,36.663551093745205,136.81552192877655,09:00 - 17:00 ■ 営業時間/※天候等で16時前後に短縮あり/■ 定休日/不定休,予約不可,-,～￥999,
17004578,与市,居酒屋,0.0,21,https://tabelog.com/ishikawa/A1701/A170102/17004578/,石川県/河北郡津幡町/北中条/4-11,36.66276368712585,136.73071787642678,,予約可,-,-,
17012486,高級食パン専門店 おい!なんだこれは! 津幡店,パン,0.0,9,https://tabelog.com/ishikawa/A1701/A170102/17012486/,石川県/河北郡津幡町/北中条/6-91,36.66019475712657,136.72785633640285,10:00 - 18:00,,-,-,2020年10月24日
17009856,ゴンジロウ,イタリアン、パスタ、ヨーロッパ料理,3.08,19,https://tabelog.com/ishikawa/A1701/A170102/17009856/,石川県/河北郡津幡町/庄/ホ79-1,36.67658382711437,136.72223027657233,火・水・木・金・土・日/11:30 - 15:00/L.O. 14:30/月/定休日 ■ 営業時間/【ディナー】貸切営業のみ/※貸切営業につきましてお気軽にお問い合わせください。/■ 定休日/第3日曜日,予約可,"￥2,000～￥2,999","￥1,000～￥1,999",2015年9月28日
17014615,茶房 いけ田,カフェ,3.08,6,https://tabelog.com/ishikawa/A1701/A170102/17014615/,石川県/河北郡津幡町/庄/ウ6,36.67224677326225,136.73274201438574,11:00 - 18:00 定休日： 一ヶ月に火曜日3回,,-,-,2024年5月25日
17004041,カレーのチャンピオン 津幡店,カレー,3.04,28,https://tabelog.com/ishikawa/A1701/A170102/17004041/,石川県/河北郡津幡町/庄/ホ-37-1,36.678114717112955,136.72082555658878,11:30 - 21:00/L.O. 20:45 ■ 定休日/無休（年末年始を除く）,予約不可,～￥999,～￥999,
17002001,ほがらか,焼肉,3.04,10,https://tabelog.com/ishikawa/A1701/A170102/17002001/,石川県/河北郡津幡町/庄/ヘ-71-4,36.676970577114886,136.72458969657455,,,-,-,
17014236,大衆酒場 きんぼし,居酒屋,3.04,5,https://tabelog.com/ishikawa/A1701/A170102/17014236/,石川県/河北郡津幡町/庄/ホ45,36.677718097112674,136.71916692658593,月・火・木・金・土・日/11:30 - 14:00/L.O. 13:30/17:00 - 23:00/L.O. 22:00/水/定休日 ■ 定休日/水曜、第1・3火曜日,予約可,-,-,2023年10月19日
17010628,パクパク ラ・ムー津幡店,たこ焼き、ソフトクリーム、かき氷,3.03,3,https://tabelog.com/ishikawa/A1701/A170102/17010628/,石川県/河北郡津幡町/庄/ホ28/ラ・ムー津幡店,36.678458419676,136.7219112389961,10:00 - 19:00,,-,-,
17011312,MOCHA STAND / おまん茶屋,カフェ、喫茶店,3.02,5,https://tabelog.com/ishikawa/A1701/A170102/17011312/,石川県/河北郡津幡町/庄/イ21-3,36.67361043711818,136.72824004653808,火・水・木・金・土/11:00 - 17:00/月・日/定休日,予約可,-,～￥999,2018年6月15日
17012721,焼肉 タルラン,焼肉,3.0,3,https://tabelog.com/ishikawa/A1701/A170102/17012721/,石川県/河北郡津幡町/庄/ホ44-1,36.67802423711251,136.71926799658894,17:00 - 01:00/L.O. 00:00,,-,"￥3,000～￥3,999",2021年4月5日
17000119,勝崎館,日本料理、しゃぶしゃぶ、すき焼き,0.0,3,https://tabelog.com/ishikawa/A1701/A170102/17000119/,石川県/河北郡津幡町/庄/イ2-1,36.67361940711893,136.7306150865365,■ 営業時間/ランチ１０００円は平日の昼（土、日、祝日除く）のみご用意,,-,-,
17014246,ラ・ムー 津幡店,コンビニ・スーパー,0.0,2,https://tabelog.com/ishikawa/A1701/A170102/17014246/,石川県/河北郡津幡町/庄/ホ28,36.67856556711302,136.72192371659253,24時間営業,,-,-,
17008744,おまん茶屋,甘味処、喫茶店、おにぎり,0.0,1,https://tabelog.com/ishikawa/A1701/A170102/17008744/,石川県/河北郡津幡町/庄/イ21-3,36.6736326624761,136.72815729951017,月・火・木・金・土/11:00 - 16:00/水・日・祝日/定休日,,-,-,2013年3月27日
17005979,ごはんや楽,食堂,0.0, - ,https://tabelog.com/ishikawa/A1701/A170102/17005979/,石川県/河北郡津幡町/庄/ヌ-3,36.680439189515525,136.73053264290226,,,-,-,
17010918,ヤハタ スシベン 津幡店,そば、おでん、ラーメン,3.07,14,https://tabelog.com/ishikawa/A1701/A170102/17010918/,石川県/河北郡津幡町/杉瀬/イ150,36.66671828712864,136.74734526645506,07:00 - 22:00/L.O. 21:30 ■ 定休日/基本的に無し。,予約可,-,～￥999,
17008525,古楽屋,喫茶店、そば、カレー,3.01,1,https://tabelog.com/ishikawa/A1701/A170102/17008525/,石川県/河北郡津幡町/杉瀬/ヌ38-2,36.66559160713086,136.75207729644038,月・水・木・金・土・日/09:30 - 19:00/火/定休日,,-,-,
17004377,ペー,喫茶店,3.38, - ,https://tabelog.com/ishikawa/A1701/A170102/17004377/,石川県/河北郡津幡町/杉瀬/ニ1-2,36.66549117733258,136.75280098175276,,,-,-,
17009478,ミエル,洋食,3.26,59,https://tabelog.com/ishikawa/A1701/A170102/17009478/,石川県/河北郡津幡町/北中条/2-15,36.662555347125014,136.7276690864268,月・水・木・金・土・日/11:00 - 21:00/火/定休日 ■ 定休日/第2水曜日,予約可,"￥1,000～￥1,999","￥1,000～￥1,999",
17010455,そば処くらみつ,そば,3.25,21,https://tabelog.com/ishikawa/A1701/A170102/17010455/,石川県/河北郡津幡町/字倉見ツ1-1,36.67992833712431,136.76010353657958,■ 営業時間/11:40～麺切れ終い/■定休日/火曜日、水曜日、木曜日、金曜日,予約可,-,"￥1,000～￥1,999",
17012466,麺屋大河 金澤タンメン,ラーメン,3.16,46,https://tabelog.com/ishikawa/A1701/A170102/17012466/,石川県/河北郡津幡町/字庄ホ32-1,36.67786820349063,136.7218232179253,火・水・木・金・土・日・祝日/11:30 - 14:30/17:30 - 21:00/月/定休日 ■ 定休日/月曜日 ※祝日の場合翌日,予約不可,-,"￥1,000～￥1,999",2020年9月18日
17007855,もみの木カフェ,洋菓子,3.15,33,https://tabelog.com/ishikawa/A1701/A170102/17007855/,石川県/河北郡津幡町/清水/チ332-2,36.67553392711826,136.73235346655463,月・火・水・木・金・土/10:00 - 18:30/日/定休日,予約可,-,-,
17011358,中華萬菜赤兎,中華料理,3.11,15,https://tabelog.com/ishikawa/A1701/A170102/17011358/,石川県/河北郡津幡町/北中条/4-44,36.66302266712535,136.7296685064301,月・火・水・金・土・日/11:00 - 15:00/L.O. 料理14:30/17:30 - 21:00/木/定休日,予約可,"￥1,000～￥1,999",-,
17011352,かほくがた牧場アイス工房 ラグーン 津幡店,ジェラート・アイスクリーム、ソフトクリーム、カフェ,3.11,20,https://tabelog.com/ishikawa/A1701/A170102/17011352/,石川県/河北郡津幡町/南中条/ト182,36.65803153712837,136.72919769638003,月・火・木・金・土・日/12:00 - 18:00/水/定休日 ■ 定休日/第二木曜日、第四木曜日,予約不可,～￥999,～￥999,2020年3月20日
17004717,寿司本舗たまや,寿司、海鮮丼、海鮮,3.1,7,https://tabelog.com/ishikawa/A1701/A170102/17004717/,石川県/河北郡津幡町/加賀爪/ヌ-5,36.668677897123914,136.73641547648253,火・水・木・金・土・日・祝日/11:30 - 14:15/L.O. 料理14:00/17:00 - 21:30/L.O. 料理21:00/月/定休日 ■ 定休日/月曜日（祝日の場合は翌日火曜日）,予約可,"￥2,000～￥2,999","￥1,000～￥1,999",
17006551,風車 倶利迦羅不動寺山頂堂境内食堂,そば、カフェ,3.09,20,https://tabelog.com/ishikawa/A1701/A170102/17006551/,石川県/河北郡津幡町/倶利伽羅/リ-2/倶利伽羅不動寺山頂堂境内,36.663551093745205,136.81552192877655,09:00 - 17:00 ■ 営業時間/※天候等で16時前後に短縮あり/■ 定休日/不定休,予約不可,-,～￥999,
17004578,与市,居酒屋,3.09,21,https://tabelog.com/ishikawa/A1701/A170102/17004578/,石川県/河北郡津幡町/北中条/4-11,36.66276368712585,136.73071787642678,,予約可,-,-,
17012486,高級食パン専門店 おい!なんだこれは! 津幡店,パン,0.0,9,https://tabelog.com/ishikawa/A1701/A170102/17012486/,石川県/河北郡津幡町/北中条/6-91,36.66019475712657,136.72785633640285,10:00 - 18:00,,-,-,2020年10月24日
17014960,倶利伽羅塾,旅館・民宿,3.07,3,https://tabelog.com/ishikawa/A1701/A170102/17014960/,石川県/河北郡津幡町/竹橋/西270,36.662647687137834,136.7681036063994,,,-,-,
17008460,甚や倶楽部,カフェ、そば、カレー,3.01,7,https://tabelog.com/ishikawa/A1701/A170102/17008460/,石川県/河北郡津幡町/竹橋/テ70,36.662536047139255,136.7723299263953,月・木・金・土・日/11:00 - 17:00/火・水/定休日,,-,-,2012年12月5日
17006552,ドライブイン風車,そば、食堂,3.0,7,https://tabelog.com/ishikawa/A1701/A170102/17006552/,石川県/河北郡津幡町/竹橋/ヨ-105,36.66195287713602,136.76100048639734,月・火・水・金・土・日/10:00 - 15:00/木/定休日,予約可,-,-,
17012771,倶利伽羅不動寺 西之坊鳳凰殿 食堂,食堂,3.38,6,https://tabelog.com/ishikawa/A1701/A170102/17012771/,石川県/河北郡津幡町/竹橋/ク128,36.66069119713939,136.76910266637896,,予約不可,-,-,
17009478,ミエル,洋食,3.26,59,https://tabelog.com/ishikawa/A1701/A170102/17009478/,石川県/河北郡津幡町/北中条/2-15,36.662555347125014,136.7276690864268,月・水・木・金・土・日/11:00 - 21:00/火/定休日 ■ 定休日/第2水曜日,予約可,"￥1,000～￥1,999","￥1,000～￥1,999",
17010455,そば処くらみつ,そば,3.25,21,https://tabelog.com/ishikawa/A1701/A170102/17010455/,石川県/河北郡津幡町/字倉見ツ1-1,36.67992833712431,136.76010353657958,■ 営業時間/11:40～麺切れ終い/■定休日/火曜日、水曜日、木曜日、金曜日,予約可,-,"￥1,000～￥1,999",
17012466,麺屋大河 金澤タンメン,ラーメン,3.16,46,https://tabelog.com/ishikawa/A1701/A170102/17012466/,石川県/河北郡津幡町/字庄ホ32-1,36.67786820349063,136.7218232179253,火・水・木・金・土・日・祝日/11:30 - 14:30/17:30 - 21:00/月/定休日 ■ 定休日/月曜日 ※祝日の場合翌日,予約不可,-,"￥1,000～￥1,999",2020年9月18日
17007855,もみの木カフェ,洋菓子,3.15,33,https://tabelog.com/ishikawa/A1701/A170102/17007855/,石川県/河北郡津幡町/清水/チ332-2,36.67553392711826,136.73235346655463,月・火・水・木・金・土/10:00 - 18:30/日/定休日,予約可,-,-,
17011358,中華萬菜赤兎,中華料理,3.11,15,https://tabelog.com/ishikawa/A1701/A170102/17011358/,石川県/河北郡津幡町/北中条/4-44,36.66302266712535,136.7296685064301,月・火・水・金・土・日/11:00 - 15:00/L.O. 料理14:30/17:30 - 21:00/木/定休日,予約可,"￥1,000～￥1,999",-,
17011352,かほくがた牧場アイス工房 ラグーン 津幡店,ジェラート・アイスクリーム、ソフトクリーム、カフェ,3.11,20,https://tabelog.com/ishikawa/A1701/A170102/17011352/,石川県/河北郡津幡町/南中条/ト182,36.65803153712837,136.72919769638003,月・火・木・金・土・日/12:00 - 18:00/水/定休日 ■ 定休日/第二木曜日、第四木曜日,予約不可,～￥999,～￥999,2020年3月20日
17004717,寿司本舗たまや,寿司、海鮮丼、海鮮,3.1,7,https://tabelog.com/ishikawa/A1701/A170102/17004717/,石川県/河北郡津幡町/加賀爪/ヌ-5,36.668677897123914,136.73641547648253,火・水・木・金・土・日・祝日/11:30 - 14:15/L.O. 料理14:00/17:00 - 21:30/L.O. 料理21:00/月/定休日 ■ 定休日/月曜日（祝日の場合は翌日火曜日）,予約可,"￥2,000～￥2,999","￥1,000～￥1,999",
17006551,風車 倶利迦羅不動寺山頂堂境内食堂,そば、カフェ,3.09,20,https://tabelog.com/ishikawa/A1701/A170102/17006551/,石川県/河北郡津幡町/倶利伽羅/リ-2/倶利伽羅不動寺山頂堂境内,36.663551093745205,136.81552192877655,09:00 - 17:00 ■ 営業時間/※天候等で16時前後に短縮あり/■ 定休日/不定休,予約不可,-,～￥999,
17004578,与市,居酒屋,3.09,21,https://tabelog.com/ishikawa/A1701/A170102/17004578/,石川県/河北郡津幡町/北中条/4-11,36.66276368712585,136.73071787642678,,予約可,-,-,
17012486,高級食パン専門店 おい!なんだこれは! 津幡店,パン,0.0,9,https://tabelog.com/ishikawa/A1701/A170102/17012486/,石川県/河北郡津幡町/北中条/6-91,36.66019475712657,136.72785633640285,10:00 - 18:00,,-,-,2020年10月24日
17002066,森乃庵,そば、うどん,3.06,7,https://tabelog.com/ishikawa/A1701/A170102/17002066/,石川県/河北郡津幡町/津幡/ニ536-1,36.672081912041264,136.73967755709134,11:00 - 19:00 ■ 定休日/不定休,,-,"￥1,000～￥1,999",
17012704,軽食・お茶処 たいほう,カフェ,3.05,6,https://tabelog.com/ishikawa/A1701/A170102/17012704/,石川県/河北郡津幡町/津幡/ニ558-3,36.67284163712132,136.73660637652443,月・火・木・金・土/11:00 - 16:00/水・日/定休日,予約可,"￥1,000～￥1,999",～￥999,2021年1月16日
17013440,ふぁすとふーど＆お米パン miron,パン、おにぎり,3.05,3,https://tabelog.com/ishikawa/A1701/A170102/17013440/,石川県/河北郡津幡町/津幡/ニ504-1,36.671149240228615,136.74003284830403,月・火・水・木・金・土/11:00 - 17:00/日・祝日/定休日,,-,-,2022年5月14日
17012078,とんぼ,食堂、海鮮、揚げ物,3.03,6,https://tabelog.com/ishikawa/A1701/A170102/17012078/,石川県/河北郡津幡町/津幡/ハ37,36.670534417123505,136.73885308649955,火・水・木・金/11:00 - 14:00/L.O. 13:30/17:00 - 22:00/L.O. 22:00/土・日/17:00 - 22:00/L.O. 22:00/月/定休日 ■ 定休日/第1日曜日,,"￥4,000～￥4,999","￥1,000～￥1,999",
17003291,りょうか,レストラン,3.38, - ,https://tabelog.com/ishikawa/A1701/A170102/17003291/,石川県/河北郡津幡町/津幡/ハ-23,36.68335533064067,136.74998062681806,,,-,-,
17014480,Orange BOSS,カフェ、バー,3.26, - ,https://tabelog.com/ishikawa/A1701/A170102/17014480/,石川県/河北郡津幡町/津幡/ニ525,36.672523457121734,136.73724258652075,,,-,-,
17004167,あま美や,喫茶店,3.25, - ,https://tabelog.com/ishikawa/A1701/A170102/17004167/,石川県/河北郡津幡町/津幡/ニ-530-3,36.672259797122244,136.73832322651737,,,-,-,
17009478,ミエル,洋食,3.16,59,https://tabelog.com/ishikawa/A1701/A170102/17009478/,石川県/河北郡津幡町/北中条/2-15,36.662555347125014,136.7276690864268,月・水・木・金・土・日/11:00 - 21:00/火/定休日 ■ 定休日/第2水曜日,予約可,"￥1,000～￥1,999","￥1,000～￥1,999",
17010455,そば処くらみつ,そば,3.15,21,https://tabelog.com/ishikawa/A1701/A170102/17010455/,石川県/河北郡津幡町/字倉見ツ1-1,36.67992833712431,136.76010353657958,■ 営業時間/11:40～麺切れ終い/■定休日/火曜日、水曜日、木曜日、金曜日,予約可,-,"￥1,000～￥1,999",
17012466,麺屋大河 金澤タンメン,ラーメン,3.11,46,https://tabelog.com/ishikawa/A1701/A170102/17012466/,石川県/河北郡津幡町/字庄ホ32-1,36.67786820349063,136.7218232179253,火・水・木・金・土・日・祝日/11:30 - 14:30/17:30 - 21:00/月/定休日 ■ 定休日/月曜日 ※祝日の場合翌日,予約不可,-,"￥1,000～￥1,999",2020年9月18日
17007855,もみの木カフェ,洋菓子,3.11,33,https://tabelog.com/ishikawa/A1701/A170102/17007855/,石川県/河北郡津幡町/清水/チ332-2,36.67553392711826,136.73235346655463,月・火・水・木・金・土/10:00 - 18:30/日/定休日,予約可,-,-,
17011358,中華萬菜赤兎,中華料理,3.1,15,https://tabelog.com/ishikawa/A1701/A170102/17011358/,石川県/河北郡津幡町/北中条/4-44,36.66302266712535,136.7296685064301,月・火・水・金・土・日/11:00 - 15:00/L.O. 料理14:30/17:30 - 21:00/木/定休日,予約可,"￥1,000～￥1,999",-,
17011352,かほくがた牧場アイス工房 ラグーン 津幡店,ジェラート・アイスクリーム、ソフトクリーム、カフェ,3.09,20,https://tabelog.com/ishikawa/A1701/A170102/17011352/,石川県/河北郡津幡町/南中条/ト182,36.65803153712837,136.72919769638003,月・火・木・金・土・日/12:00 - 18:00/水/定休日 ■ 定休日/第二木曜日、第四木曜日,予約不可,～￥999,～￥999,2020年3月20日
17004717,寿司本舗たまや,寿司、海鮮丼、海鮮,3.09,7,https://tabelog.com/ishikawa/A1701/A170102/17004717/,石川県/河北郡津幡町/加賀爪/ヌ-5,36.668677897123914,136.73641547648253,火・水・木・金・土・日・祝日/11:30 - 14:15/L.O. 料理14:00/17:00 - 21:30/L.O. 料理21:00/月/定休日 ■ 定休日/月曜日（祝日の場合は翌日火曜日）,予約可,"￥2,000～￥2,999","￥1,000～￥1,999",
17006551,風車 倶利迦羅不動寺山頂堂境内食堂,そば、カフェ,0.0,20,https://tabelog.com/ishikawa/A1701/A170102/17006551/,石川県/河北郡津幡町/倶利伽羅/リ-2/倶利伽羅不動寺山頂堂境内,36.663551093745205,136.81552192877655,09:00 - 17:00 ■ 営業時間/※天候等で16時前後に短縮あり/■ 定休日/不定休,予約不可,-,～￥999,
17004578,与市,居酒屋,0.0,21,https://tabelog.com/ishikawa/A1701/A170102/17004578/,石川県/河北郡津幡町/北中条/4-11,36.66276368712585,136.73071787642678,,予約可,-,-,
17012486,高級食パン専門店 おい!なんだこれは! 津幡店,パン,0.0,9,https://tabelog.com/ishikawa/A1701/A170102/17012486/,石川県/河北郡津幡町/北中条/6-91,36.66019475712657,136.72785633640285,10:00 - 18:00,,-,-,2020年10月24日
17006445,かやもと菓子舗,和菓子,3.38, - ,https://tabelog.com/ishikawa/A1701/A170101/17006445/,石川県/河北郡津幡町/鳥越/ニ74,36.68843518712395,136.77593701665438,,,-,-,
17009478,ミエル,洋食,3.26,59,https://tabelog.com/ishikawa/A1701/A170102/17009478/,石川県/河北郡津幡町/北中条/2-15,36.662555347125014,136.7276690864268,月・水・木・金・土・日/11:00 - 21:00/火/定休日 ■ 定休日/第2水曜日,予約可,"￥1,000～￥1,999","￥1,000～￥1,999",
17010455,そば処くらみつ,そば,3.25,21,https://tabelog.com/ishikawa/A1701/A170102/17010455/,石川県/河北郡津幡町/字倉見ツ1-1,36.67992833712431,136.76010353657958,■ 営業時間/11:40～麺切れ終い/■定休日/火曜日、水曜日、木曜日、金曜日,予約可,-,"￥1,000～￥1,999",
17012466,麺屋大河 金澤タンメン,ラーメン,3.16,46,https://tabelog.com/ishikawa/A1701/A170102/17012466/,石川県/河北郡津幡町/字庄ホ32-1,36.67786820349063,136.7218232179253,火・水・木・金・土・日・祝日/11:30 - 14:30/17:30 - 21:00/月/定休日 ■ 定休日/月曜日 ※祝日の場合翌日,予約不可,-,"￥1,000～￥1,999",2020年9月18日
17007855,もみの木カフェ,洋菓子,3.15,33,https://tabelog.com/ishikawa/A1701/A170102/17007855/,石川県/河北郡津幡町/清水/チ332-2,36.67553392711826,136.73235346655463,月・火・水・木・金・土/10:00 - 18:30/日/定休日,予約可,-,-,
17011358,中華萬菜赤兎,中華料理,3.11,15,https://tabelog.com/ishikawa/A1701/A170102/17011358/,石川県/河北郡津幡町/北中条/4-44,36.66302266712535,136.7296685064301,月・火・水・金・土・日/11:00 - 15:00/L.O. 料理14:30/17:30 - 21:00/木/定休日,予約可,"￥1,000～￥1,999",-,
17011352,かほくがた牧場アイス工房 ラグーン 津幡店,ジェラート・アイスクリーム、ソフトクリーム、カフェ,3.11,20,https://tabelog.com/ishikawa/A1701/A170102/17011352/,石川県/河北郡津幡町/南中条/ト182,36.65803153712837,136.72919769638003,月・火・木・金・土・日/12:00 - 18:00/水/定休日 ■ 定休日/第二木曜日、第四木曜日,予約不可,～￥999,～￥999,2020年3月20日
17004717,寿司本舗たまや,寿司、海鮮丼、海鮮,3.1,7,https://tabelog.com/ishikawa/A1701/A170102/17004717/,石川県/河北郡津幡町/加賀爪/ヌ-5,36.668677897123914,136.73641547648253,火・水・木・金・土・日・祝日/11:30 - 14:15/L.O. 料理14:00/17:00 - 21:30/L.O. 料理21:00/月/定休日 ■ 定休日/月曜日（祝日の場合は翌日火曜日）,予約可,"￥2,000～￥2,999","￥1,000～￥1,999",
17006551,風車 倶利迦羅不動寺山頂堂境内食堂,そば、カフェ,3.09,20,https://tabelog.com/ishikawa/A1701/A170102/17006551/,石川県/河北郡津幡町/倶利伽羅/リ-2/倶利伽羅不動寺山頂堂境内,36.663551093745205,136.81552192877655,09:00 - 17:00 ■ 営業時間/※天候等で16時前後に短縮あり/■ 定休日/不定休,予約不可,-,～￥999,
17004578,与市,居酒屋,3.09,21,https://tabelog.com/ishikawa/A1701/A170102/17004578/,石川県/河北郡津幡町/北中条/4-11,36.66276368712585,136.73071787642678,,予約可,-,-,
17012486,高級食パン専門店 おい!なんだこれは! 津幡店,パン,0.0,9,https://tabelog.com/ishikawa/A1701/A170102/17012486/,石川県/河北郡津幡町/北中条/6-91,36.66019475712657,136.72785633640285,10:00 - 18:00,,-,-,2020年10月24日
17010910,またいキッチン,ダイニングバー、カフェ、居酒屋,3.06,8,https://tabelog.com/ishikawa/A1701/A170102/17010910/,石川県/河北郡津幡町/中橋/イ67-1,36.67214121711746,136.72308650652684,火・水・木・金・土・日/11:30 - 14:00/17:00 - 23:00/月/定休日 ■ 定休日/第3火曜日,予約可,"￥2,000～￥2,999","￥1,000～￥1,999",2017年11月15日
17009478,ミエル,洋食,3.38,59,https://tabelog.com/ishikawa/A1701/A170102/17009478/,石川県/河北郡津幡町/北中条/2-15,36.662555347125014,136.7276690864268,月・水・木・金・土・日/11:00 - 21:00/火/定休日 ■ 定休日/第2水曜日,予約可,"￥1,000～￥1,999","￥1,000～￥1,999",
17010455,そば処くらみつ,そば,3.26,21,https://tabelog.com/ishikawa/A1701/A170102/17010455/,石川県/河北郡津幡町/字倉見ツ1-1,36.67992833712431,136.76010353657958,■ 営業時間/11:40～麺切れ終い/■定休日/火曜日、水曜日、木曜日、金曜日,予約可,-,"￥1,000～￥1,999",
17012466,麺屋大河 金澤タンメン,ラーメン,3.25,46,https://tabelog.com/ishikawa/A1701/A170102/17012466/,石川県/河北郡津幡町/字庄ホ32-1,36.67786820349063,136.7218232179253,火・水・木・金・土・日・祝日/11:30 - 14:30/17:30 - 21:00/月/定休日 ■ 定休日/月曜日 ※祝日の場合翌日,予約不可,-,"￥1,000～￥1,999",2020年9月18日
17007855,もみの木カフェ,洋菓子,3.16,33,https://tabelog.com/ishikawa/A1701/A170102/17007855/,石川県/河北郡津幡町/清水/チ332-2,36.67553392711826,136.73235346655463,月・火・水・木・金・土/10:00 - 18:30/日/定休日,予約可,-,-,
17011358,中華萬菜赤兎,中華料理,3.15,15,https://tabelog.com/ishikawa/A1701/A170102/17011358/,石川県/河北郡津幡町/北中条/4-44,36.66302266712535,136.7296685064301,月・火・水・金・土・日/11:00 - 15:00/L.O. 料理14:30/17:30 - 21:00/木/定休日,予約可,"￥1,000～￥1,999",-,
17011352,かほくがた牧場アイス工房 ラグーン 津幡店,ジェラート・アイスクリーム、ソフトクリーム、カフェ,3.11,20,https://tabelog.com/ishikawa/A1701/A170102/17011352/,石川県/河北郡津幡町/南中条/ト182,36.65803153712837,136.72919769638003,月・火・木・金・土・日/12:00 - 18:00/水/定休日 ■ 定休日/第二木曜日、第四木曜日,予約不可,～￥999,～￥999,2020年3月20日
17004717,寿司本舗たまや,寿司、海鮮丼、海鮮,3.11,7,https://tabelog.com/ishikawa/A1701/A170102/17004717/,石川県/河北郡津幡町/加賀爪/ヌ-5,36.668677897123914,136.73641547648253,火・水・木・金・土・日・祝日/11:30 - 14:15/L.O. 料理14:00/17:00 - 21:30/L.O. 料理21:00/月/定休日 ■ 定休日/月曜日（祝日の場合は翌日火曜日）,予約可,"￥2,000～￥2,999","￥1,000～￥1,999",
17006551,風車 倶利迦羅不動寺山頂堂境内食堂,そば、カフェ,3.1,20,https://tabelog.com/ishikawa/A1701/A170102/17006551/,石川県/河北郡津幡町/倶利伽羅/リ-2/倶利伽羅不動寺山頂堂境内,36.663551093745205,136.81552192877655,09:00 - 17:00 ■ 営業時間/※天候等で16時前後に短縮あり/■ 定休日/不定休,予約不可,-,～￥999,
17004578,与市,居酒屋,3.09,21,https://tabelog.com/ishikawa/A1701/A170102/17004578/,石川県/河北郡津幡町/北中条/4-11,36.66276368712585,136.73071787642678,,予約可,-,-,
17012486,高級食パン専門店 おい!なんだこれは! 津幡店,パン,3.09,9,https://tabelog.com/ishikawa/A1701/A170102/17012486/,石川県/河北郡津幡町/北中条/6-91,36.66019475712657,136.72785633640285,10:00 - 18:00,,-,-,2020年10月24日
17014114,あまやどり,カフェ,3.08,10,https://tabelog.com/ishikawa/A1701/A170102/17014114/,石川県/河北郡津幡町/原/11-4,36.66840642712278,136.78482564344003,月・火・水/11:00 - 16:00/土・日/11:00 - 17:00/木・金/定休日 不定休あり,予約不可,-,"￥1,000～￥1,999",
17009478,ミエル,洋食,3.38,59,https://tabelog.com/ishikawa/A1701/A170102/17009478/,石川県/河北郡津幡町/北中条/2-15,36.662555347125014,136.7276690864268,月・水・木・金・土・日/11:00 - 21:00/火/定休日 ■ 定休日/第2水曜日,予約可,"￥1,000～￥1,999","￥1,000～￥1,999",
17010455,そば処くらみつ,そば,3.26,21,https://tabelog.com/ishikawa/A1701/A170102/17010455/,石川県/河北郡津幡町/字倉見ツ1-1,36.67992833712431,136.76010353657958,■ 営業時間/11:40～麺切れ終い/■定休日/火曜日、水曜日、木曜日、金曜日,予約可,-,"￥1,000～￥1,999",
17012466,麺屋大河 金澤タンメン,ラーメン,3.25,46,https://tabelog.com/ishikawa/A1701/A170102/17012466/,石川県/河北郡津幡町/字庄ホ32-1,36.67786820349063,136.7218232179253,火・水・木・金・土・日・祝日/11:30 - 14:30/17:30 - 21:00/月/定休日 ■ 定休日/月曜日 ※祝日の場合翌日,予約不可,-,"￥1,000～￥1,999",2020年9月18日
17007855,もみの木カフェ,洋菓子,3.16,33,https://tabelog.com/ishikawa/A1701/A170102/17007855/,石川県/河北郡津幡町/清水/チ332-2,36.67553392711826,136.73235346655463,月・火・水・木・金・土/10:00 - 18:30/日/定休日,予約可,-,-,
17011358,中華萬菜赤兎,中華料理,3.15,15,https://tabelog.com/ishikawa/A1701/A170102/17011358/,石川県/河北郡津幡町/北中条/4-44,36.66302266712535,136.7296685064301,月・火・水・金・土・日/11:00 - 15:00/L.O. 料理14:30/17:30 - 21:00/木/定休日,予約可,"￥1,000～￥1,999",-,
17011352,かほくがた牧場アイス工房 ラグーン 津幡店,ジェラート・アイスクリーム、ソフトクリーム、カフェ,3.11,20,https://tabelog.com/ishikawa/A1701/A170102/17011352/,石川県/河北郡津幡町/南中条/ト182,36.65803153712837,136.72919769638003,月・火・木・金・土・日/12:00 - 18:00/水/定休日 ■ 定休日/第二木曜日、第四木曜日,予約不可,～￥999,～￥999,2020年3月20日
17004717,寿司本舗たまや,寿司、海鮮丼、海鮮,3.11,7,https://tabelog.com/ishikawa/A1701/A170102/17004717/,石川県/河北郡津幡町/加賀爪/ヌ-5,36.668677897123914,136.73641547648253,火・水・木・金・土・日・祝日/11:30 - 14:15/L.O. 料理14:00/17:00 - 21:30/L.O. 料理21:00/月/定休日 ■ 定休日/月曜日（祝日の場合は翌日火曜日）,予約可,"￥2,000～￥2,999","￥1,000～￥1,999",
17006551,風車 倶利迦羅不動寺山頂堂境内食堂,そば、カフェ,3.1,20,https://tabelog.com/ishikawa/A1701/A170102/17006551/,石川県/河北郡津幡町/倶利伽羅/リ-2/倶利伽羅不動寺山頂堂境内,36.663551093745205,136.81552192877655,09:00 - 17:00 ■ 営業時間/※天候等で16時前後に短縮あり/■ 定休日/不定休,予約不可,-,～￥999,
17004578,与市,居酒屋,3.09,21,https://tabelog.com/ishikawa/A1701/A170102/17004578/,石川県/河北郡津幡町/北中条/4-11,36.66276368712585,136.73071787642678,,予約可,-,-,
17012486,高級食パン専門店 おい!なんだこれは! 津幡店,パン,3.09,9,https://tabelog.com/ishikawa/A1701/A170102/17012486/,石川県/河北郡津幡町/北中条/6-91,36.66019475712657,136.72785633640285,10:00 - 18:00,,-,-,2020年10月24日
17001811,千鳥,焼き鳥,3.38,1,https://tabelog.com/ishikawa/A1701/A170102/17001811/,石川県/河北郡津幡町/東荒屋/440,36.6629358561775,136.75044569501068,,,-,-,
17009478,ミエル,洋食,3.26,59,https://tabelog.com/ishikawa/A1701/A170102/17009478/,石川県/河北郡津幡町/北中条/2-15,36.662555347125014,136.7276690864268,月・水・木・金・土・日/11:00 - 21:00/火/定休日 ■ 定休日/第2水曜日,予約可,"￥1,000～￥1,999","￥1,000～￥1,999",
17010455,そば処くらみつ,そば,3.25,21,https://tabelog.com/ishikawa/A1701/A170102/17010455/,石川県/河北郡津幡町/字倉見ツ1-1,36.67992833712431,136.76010353657958,■ 営業時間/11:40～麺切れ終い/■定休日/火曜日、水曜日、木曜日、金曜日,予約可,-,"￥1,000～￥1,999",
17012466,麺屋大河 金澤タンメン,ラーメン,3.16,46,https://tabelog.com/ishikawa/A1701/A170102/17012466/,石川県/河北郡津幡町/字庄ホ32-1,36.67786820349063,136.7218232179253,火・水・木・金・土・日・祝日/11:30 - 14:30/17:30 - 21:00/月/定休日 ■ 定休日/月曜日 ※祝日の場合翌日,予約不可,-,"￥1,000～￥1,999",2020年9月18日
17007855,もみの木カフェ,洋菓子,3.15,33,https://tabelog.com/ishikawa/A1701/A170102/17007855/,石川県/河北郡津幡町/清水/チ332-2,36.67553392711826,136.73235346655463,月・火・水・木・金・土/10:00 - 18:30/日/定休日,予約可,-,-,
17011358,中華萬菜赤兎,中華料理,3.11,15,https://tabelog.com/ishikawa/A1701/A170102/17011358/,石川県/河北郡津幡町/北中条/4-44,36.66302266712535,136.7296685064301,月・火・水・金・土・日/11:00 - 15:00/L.O. 料理14:30/17:30 - 21:00/木/定休日,予約可,"￥1,000～￥1,999",-,
17011352,かほくがた牧場アイス工房 ラグーン 津幡店,ジェラート・アイスクリーム、ソフトクリーム、カフェ,3.11,20,https://tabelog.com/ishikawa/A1701/A170102/17011352/,石川県/河北郡津幡町/南中条/ト182,36.65803153712837,136.72919769638003,月・火・木・金・土・日/12:00 - 18:00/水/定休日 ■ 定休日/第二木曜日、第四木曜日,予約不可,～￥999,～￥999,2020年3月20日
17004717,寿司本舗たまや,寿司、海鮮丼、海鮮,3.1,7,https://tabelog.com/ishikawa/A1701/A170102/17004717/,石川県/河北郡津幡町/加賀爪/ヌ-5,36.668677897123914,136.73641547648253,火・水・木・金・土・日・祝日/11:30 - 14:15/L.O. 料理14:00/17:00 - 21:30/L.O. 料理21:00/月/定休日 ■ 定休日/月曜日（祝日の場合は翌日火曜日）,予約可,"￥2,000～￥2,999","￥1,000～￥1,999",
17006551,風車 倶利迦羅不動寺山頂堂境内食堂,そば、カフェ,3.09,20,https://tabelog.com/ishikawa/A1701/A170102/17006551/,石川県/河北郡津幡町/倶利伽羅/リ-2/倶利伽羅不動寺山頂堂境内,36.663551093745205,136.81552192877655,09:00 - 17:00 ■ 営業時間/※天候等で16時前後に短縮あり/■ 定休日/不定休,予約不可,-,～￥999,
17004578,与市,居酒屋,3.09,21,https://tabelog.com/ishikawa/A1701/A170102/17004578/,石川県/河北郡津幡町/北中条/4-11,36.66276368712585,136.73071787642678,,予約可,-,-,
17012486,高級食パン専門店 おい!なんだこれは! 津幡店,パン,0.0,9,https://tabelog.com/ishikawa/A1701/A170102/17012486/,石川県/河北郡津幡町/北中条/6-91,36.66019475712657,136.72785633640285,10:00 - 18:00,,-,-,2020年10月24日
17011352,かほくがた牧場アイス工房 ラグーン 津幡店,ジェラート・アイスクリーム、ソフトクリーム、カフェ,3.11,20,https://tabelog.com/ishikawa/A1701/A170102/17011352/,石川県/河北郡津幡町/南中条/ト182,36.65803153712837,136.72919769638003,月・火・木・金・土・日/12:00 - 18:00/水/定休日 ■ 定休日/第二木曜日、第四木曜日,予約不可,～￥999,～￥999,2020年3月20日
17009478,ミエル,洋食,3.38,59,https://tabelog.com/ishikawa/A1701/A170102/17009478/,石川県/河北郡津幡町/北中条/2-15,36.662555347125014,136.7276690864268,月・水・木・金・土・日/11:00 - 21:00/火/定休日 ■ 定休日/第2水曜日,予約可,"￥1,000～￥1,999","￥1,000～￥1,999",
17010455,そば処くらみつ,そば,3.26,21,https://tabelog.com/ishikawa/A1701/A170102/17010455/,石川県/河北郡津幡町/字倉見ツ1-1,36.67992833712431,136.76010353657958,■ 営業時間/11:40～麺切れ終い/■定休日/火曜日、水曜日、木曜日、金曜日,予約可,-,"￥1,000～￥1,999",
17012466,麺屋大河 金澤タンメン,ラーメン,3.25,46,https://tabelog.com/ishikawa/A1701/A170102/17012466/,石川県/河北郡津幡町/字庄ホ32-1,36.67786820349063,136.7218232179253,火・水・木・金・土・日・祝日/11:30 - 14:30/17:30 - 21:00/月/定休日 ■ 定休日/月曜日 ※祝日の場合翌日,予約不可,-,"￥1,000～￥1,999",2020年9月18日
17007855,もみの木カフェ,洋菓子,3.16,33,https://tabelog.com/ishikawa/A1701/A170102/17007855/,石川県/河北郡津幡町/清水/チ332-2,36.67553392711826,136.73235346655463,月・火・水・木・金・土/10:00 - 18:30/日/定休日,予約可,-,-,
17011358,中華萬菜赤兎,中華料理,3.15,15,https://tabelog.com/ishikawa/A1701/A170102/17011358/,石川県/河北郡津幡町/北中条/4-44,36.66302266712535,136.7296685064301,月・火・水・金・土・日/11:00 - 15:00/L.O. 料理14:30/17:30 - 21:00/木/定休日,予約可,"￥1,000～￥1,999",-,
17004717,寿司本舗たまや,寿司、海鮮丼、海鮮,3.11,7,https://tabelog.com/ishikawa/A1701/A170102/17004717/,石川県/河北郡津幡町/加賀爪/ヌ-5,36.668677897123914,136.73641547648253,火・水・木・金・土・日・祝日/11:30 - 14:15/L.O. 料理14:00/17:00 - 21:30/L.O. 料理21:00/月/定休日 ■ 定休日/月曜日（祝日の場合は翌日火曜日）,予約可,"￥2,000～￥2,999","￥1,000～￥1,999",
17006551,風車 倶利迦羅不動寺山頂堂境内食堂,そば、カフェ,3.1,20,https://tabelog.com/ishikawa/A1701/A170102/17006551/,石川県/河北郡津幡町/倶利伽羅/リ-2/倶利伽羅不動寺山頂堂境内,36.663551093745205,136.81552192877655,09:00 - 17:00 ■ 営業時間/※天候等で16時前後に短縮あり/■ 定休日/不定休,予約不可,-,～￥999,
17004578,与市,居酒屋,3.09,21,https://tabelog.com/ishikawa/A1701/A170102/17004578/,石川県/河北郡津幡町/北中条/4-11,36.66276368712585,136.73071787642678,,予約可,-,-,
17012486,高級食パン専門店 おい!なんだこれは! 津幡店,パン,3.09,9,https://tabelog.com/ishikawa/A1701/A170102/17012486/,石川県/河北郡津幡町/北中条/6-91,36.66019475712657,136.72785633640285,10:00 - 18:00,,-,-,2020年10月24日
17013451,もくぞうこ,カフェ,3.02,1,https://tabelog.com/ishikawa/A1701/A170102/17013451/,石川県/河北郡津幡町/谷内/ヱ15-3,36.696223897104446,136.7302256067651,水・木・土/10:00 - 16:00/月・火・金・日/定休日,,-,-,2019年4月24日
17009478,ミエル,洋食,3.38,59,https://tabelog.com/ishikawa/A1701/A170102/17009478/,石川県/河北郡津幡町/北中条/2-15,36.662555347125014,136.7276690864268,月・水・木・金・土・日/11:00 - 21:00/火/定休日 ■ 定休日/第2水曜日,予約可,"￥1,000～￥1,999","￥1,000～￥1,999",
17010455,そば処くらみつ,そば,3.26,21,https://tabelog.com/ishikawa/A1701/A170102/17010455/,石川県/河北郡津幡町/字倉見ツ1-1,36.67992833712431,136.76010353657958,■ 営業時間/11:40～麺切れ終い/■定休日/火曜日、水曜日、木曜日、金曜日,予約可,-,"￥1,000～￥1,999",
17012466,麺屋大河 金澤タンメン,ラーメン,3.25,46,https://tabelog.com/ishikawa/A1701/A170102/17012466/,石川県/河北郡津幡町/字庄ホ32-1,36.67786820349063,136.7218232179253,火・水・木・金・土・日・祝日/11:30 - 14:30/17:30 - 21:00/月/定休日 ■ 定休日/月曜日 ※祝日の場合翌日,予約不可,-,"￥1,000～￥1,999",2020年9月18日
17007855,もみの木カフェ,洋菓子,3.16,33,https://tabelog.com/ishikawa/A1701/A170102/17007855/,石川県/河北郡津幡町/清水/チ332-2,36.67553392711826,136.73235346655463,月・火・水・木・金・土/10:00 - 18:30/日/定休日,予約可,-,-,
17011358,中華萬菜赤兎,中華料理,3.15,15,https://tabelog.com/ishikawa/A1701/A170102/17011358/,石川県/河北郡津幡町/北中条/4-44,36.66302266712535,136.7296685064301,月・火・水・金・土・日/11:00 - 15:00/L.O. 料理14:30/17:30 - 21:00/木/定休日,予約可,"￥1,000～￥1,999",-,
17011352,かほくがた牧場アイス工房 ラグーン 津幡店,ジェラート・アイスクリーム、ソフトクリーム、カフェ,3.11,20,https://tabelog.com/ishikawa/A1701/A170102/17011352/,石川県/河北郡津幡町/南中条/ト182,36.65803153712837,136.72919769638003,月・火・木・金・土・日/12:00 - 18:00/水/定休日 ■ 定休日/第二木曜日、第四木曜日,予約不可,～￥999,～￥999,2020年3月20日
17004717,寿司本舗たまや,寿司、海鮮丼、海鮮,3.11,7,https://tabelog.com/ishikawa/A1701/A170102/17004717/,石川県/河北郡津幡町/加賀爪/ヌ-5,36.668677897123914,136.73641547648253,火・水・木・金・土・日・祝日/11:30 - 14:15/L.O. 料理14:00/17:00 - 21:30/L.O. 料理21:00/月/定休日 ■ 定休日/月曜日（祝日の場合は翌日火曜日）,予約可,"￥2,000～￥2,999","￥1,000～￥1,999",
17006551,風車 倶利迦羅不動寺山頂堂境内食堂,そば、カフェ,3.1,20,https://tabelog.com/ishikawa/A1701/A170102/17006551/,石川県/河北郡津幡町/倶利伽羅/リ-2/倶利伽羅不動寺山頂堂境内,36.663551093745205,136.81552192877655,09:00 - 17:00 ■ 営業時間/※天候等で16時前後に短縮あり/■ 定休日/不定休,予約不可,-,～￥999,
17004578,与市,居酒屋,3.09,21,https://tabelog.com/ishikawa/A1701/A170102/17004578/,石川県/河北郡津幡町/北中条/4-11,36.66276368712585,136.73071787642678,,予約可,-,-,
17012486,高級食パン専門店 おい!なんだこれは! 津幡店,パン,3.09,9,https://tabelog.com/ishikawa/A1701/A170102/17012486/,石川県/河北郡津幡町/北中条/6-91,36.66019475712657,136.72785633640285,10:00 - 18:00,,-,-,2020年10月24日
17008081,ソルア,カフェ,3.06,9,https://tabelog.com/ishikawa/A1701/A170102/17008081/,石川県/河北郡津幡町/横浜/ほ4-3,36.665531915779,136.73158825270312,土・日/11:30 - 15:00/月・火・水・木・金/定休日 ランチ8食限定（予約推奨）,予約可,-,"￥2,000～￥2,999",
17009419,近江ちゃんぽん亭 津幡店,ちゃんぽん、ラーメン、からあげ,3.05,43,https://tabelog.com/ishikawa/A1701/A170102/17009419/,石川県/河北郡津幡町/横浜/へ41-1,36.66513146712349,136.72799839645262,11:00 - 23:00/L.O. 22:30,予約不可,～￥999,～￥999,2015年2月12日
17014668,らーめん全日本 津幡店,ラーメン,3.05,9,https://tabelog.com/ishikawa/A1701/A170102/17014668/,石川県/河北郡津幡町/横浜/ろ64-1,36.66508136712493,136.73242336644898,月・火・木・金・土・日/11:00 - 14:00/17:30 - 21:00/水/定休日,予約可,-,"￥1,000～￥1,999",
17004266,あきない屋,焼肉,3.03,3,https://tabelog.com/ishikawa/A1701/A170102/17004266/,石川県/河北郡津幡町/横浜/ほ21-1,36.66519504712403,136.72982730645197,17:00 - 23:00 ■ 定休日/不定休,予約可,-,-,
17003193,クローバー洋菓子喫茶,ケーキ,3.01,4,https://tabelog.com/ishikawa/A1701/A170102/17003193/,石川県/河北郡津幡町/横浜/へ48-8,36.6653318071228,136.72622712645585,月・水・木・金・土・日/08:00 - 19:00/火/定休日,,-,-,
17014903,てらこや洋菓子店,洋菓子,3.0,4,https://tabelog.com/ishikawa/A1701/A170102/17014903/,石川県/河北郡津幡町/横浜/い154-6,36.66503462230914,136.73300953625937,月・木・金・土・日/11:00 - 19:00/火・水/定休日 【定休日】/火曜日・水曜日,予約可,-,-,2024年11月9日
17012807,スーパーマーケット バロー 津幡店,コンビニ・スーパー,3.38, - ,https://tabelog.com/ishikawa/A1701/A170102/17012807/,石川県/河北郡津幡町/横浜/へ66,36.6644875271237,136.7273919764465,,,-,-,2021年5月22日
17012960,北欧倶楽部 バロー津幡店,パン,3.26, - ,https://tabelog.com/ishikawa/A1701/A170102/17012960/,石川県/河北郡津幡町/横浜/へ66/スーパーマーケット バロー津幡店,36.664488387123704,136.7273907164465,月・火・水・木・金/10:00 - 20:00/土・日/09:30 - 20:00 ■ 定休日/不定休(スーパーマーケット バロー津幡店に準ずる),,-,-,
17009478,ミエル,洋食,3.25,59,https://tabelog.com/ishikawa/A1701/A170102/17009478/,石川県/河北郡津幡町/北中条/2-15,36.662555347125014,136.7276690864268,月・水・木・金・土・日/11:00 - 21:00/火/定休日 ■ 定休日/第2水曜日,予約可,"￥1,000～￥1,999","￥1,000～￥1,999",
17010455,そば処くらみつ,そば,3.16,21,https://tabelog.com/ishikawa/A1701/A170102/17010455/,石川県/河北郡津幡町/字倉見ツ1-1,36.67992833712431,136.76010353657958,■ 営業時間/11:40～麺切れ終い/■定休日/火曜日、水曜日、木曜日、金曜日,予約可,-,"￥1,000～￥1,999",
17012466,麺屋大河 金澤タンメン,ラーメン,3.15,46,https://tabelog.com/ishikawa/A1701/A170102/17012466/,石川県/河北郡津幡町/字庄ホ32-1,36.67786820349063,136.7218232179253,火・水・木・金・土・日・祝日/11:30 - 14:30/17:30 - 21:00/月/定休日 ■ 定休日/月曜日 ※祝日の場合翌日,予約不可,-,"￥1,000～￥1,999",2020年9月18日
17007855,もみの木カフェ,洋菓子,3.11,33,https://tabelog.com/ishikawa/A1701/A170102/17007855/,石川県/河北郡津幡町/清水/チ332-2,36.67553392711826,136.73235346655463,月・火・水・木・金・土/10:00 - 18:30/日/定休日,予約可,-,-,
17011358,中華萬菜赤兎,中華料理,3.11,15,https://tabelog.com/ishikawa/A1701/A170102/17011358/,石川県/河北郡津幡町/北中条/4-44,36.66302266712535,136.7296685064301,月・火・水・金・土・日/11:00 - 15:00/L.O. 料理14:30/17:30 - 21:00/木/定休日,予約可,"￥1,000～￥1,999",-,
17011352,かほくがた牧場アイス工房 ラグーン 津幡店,ジェラート・アイスクリーム、ソフトクリーム、カフェ,3.1,20,https://tabelog.com/ishikawa/A1701/A170102/17011352/,石川県/河北郡津幡町/南中条/ト182,36.65803153712837,136.72919769638003,月・火・木・金・土・日/12:00 - 18:00/水/定休日 ■ 定休日/第二木曜日、第四木曜日,予約不可,～￥999,～￥999,2020年3月20日
17004717,寿司本舗たまや,寿司、海鮮丼、海鮮,3.09,7,https://tabelog.com/ishikawa/A1701/A170102/17004717/,石川県/河北郡津幡町/加賀爪/ヌ-5,36.668677897123914,136.73641547648253,火・水・木・金・土・日・祝日/11:30 - 14:15/L.O. 料理14:00/17:00 - 21:30/L.O. 料理21:00/月/定休日 ■ 定休日/月曜日（祝日の場合は翌日火曜日）,予約可,"￥2,000～￥2,999","￥1,000～￥1,999",
17006551,風車 倶利迦羅不動寺山頂堂境内食堂,そば、カフェ,3.09,20,https://tabelog.com/ishikawa/A1701/A170102/17006551/,石川県/河北郡津幡町/倶利伽羅/リ-2/倶利伽羅不動寺山頂堂境内,36.663551093745205,136.81552192877655,09:00 - 17:00 ■ 営業時間/※天候等で16時前後に短縮あり/■ 定休日/不定休,予約不可,-,～￥999,
17004578,与市,居酒屋,0.0,21,https://tabelog.com/ishikawa/A1701/A170102/17004578/,石川県/河北郡津幡町/北中条/4-11,36.66276368712585,136.73071787642678,,予約可,-,-,
17012486,高級食パン専門店 おい!なんだこれは! 津幡店,パン,0.0,9,https://tabelog.com/ishikawa/A1701/A170102/17012486/,石川県/河北郡津幡町/北中条/6-91,36.66019475712657,136.72785633640285,10:00 - 18:00,,-,-,2020年10月24日
17015435,吉田R商店,パン、ケーキ、カフェ,3.0,2,https://tabelog.com/ishikawa/A1701/A170102/17015435/,石川県/河北郡津幡町/吉倉/タ52-1,36.70388826711644,136.7831629968054,火・水・金・土・日/10:00 - 18:00/月・木/定休日,,-,-,2025年4月29日
17009478,ミエル,洋食,3.38,59,https://tabelog.com/ishikawa/A1701/A170102/17009478/,石川県/河北郡津幡町/北中条/2-15,36.662555347125014,136.7276690864268,月・水・木・金・土・日/11:00 - 21:00/火/定休日 ■ 定休日/第2水曜日,予約可,"￥1,000～￥1,999","￥1,000～￥1,999",
17010455,そば処くらみつ,そば,3.26,21,https://tabelog.com/ishikawa/A1701/A170102/17010455/,石川県/河北郡津幡町/字倉見ツ1-1,36.67992833712431,136.76010353657958,■ 営業時間/11:40～麺切れ終い/■定休日/火曜日、水曜日、木曜日、金曜日,予約可,-,"￥1,000～￥1,999",
17012466,麺屋大河 金澤タンメン,ラーメン,3.25,46,https://tabelog.com/ishikawa/A1701/A170102/17012466/,石川県/河北郡津幡町/字庄ホ32-1,36.67786820349063,136.7218232179253,火・水・木・金・土・日・祝日/11:30 - 14:30/17:30 - 21:00/月/定休日 ■ 定休日/月曜日 ※祝日の場合翌日,予約不可,-,"￥1,000～￥1,999",2020年9月18日
17007855,もみの木カフェ,洋菓子,3.16,33,https://tabelog.com/ishikawa/A1701/A170102/17007855/,石川県/河北郡津幡町/清水/チ332-2,36.67553392711826,136.73235346655463,月・火・水・木・金・土/10:00 - 18:30/日/定休日,予約可,-,-,
17011358,中華萬菜赤兎,中華料理,3.15,15,https://tabelog.com/ishikawa/A1701/A170102/17011358/,石川県/河北郡津幡町/北中条/4-44,36.66302266712535,136.7296685064301,月・火・水・金・土・日/11:00 - 15:00/L.O. 料理14:30/17:30 - 21:00/木/定休日,予約可,"￥1,000～￥1,999",-,
17011352,かほくがた牧場アイス工房 ラグーン 津幡店,ジェラート・アイスクリーム、ソフトクリーム、カフェ,3.11,20,https://tabelog.com/ishikawa/A1701/A170102/17011352/,石川県/河北郡津幡町/南中条/ト182,36.65803153712837,136.72919769638003,月・火・木・金・土・日/12:00 - 18:00/水/定休日 ■ 定休日/第二木曜日、第四木曜日,予約不可,～￥999,～￥999,2020年3月20日
17004717,寿司本舗たまや,寿司、海鮮丼、海鮮,3.11,7,https://tabelog.com/ishikawa/A1701/A170102/17004717/,石川県/河北郡津幡町/加賀爪/ヌ-5,36.668677897123914,136.73641547648253,火・水・木・金・土・日・祝日/11:30 - 14:15/L.O. 料理14:00/17:00 - 21:30/L.O. 料理21:00/月/定休日 ■ 定休日/月曜日（祝日の場合は翌日火曜日）,予約可,"￥2,000～￥2,999","￥1,000～￥1,999",
17006551,風車 倶利迦羅不動寺山頂堂境内食堂,そば、カフェ,3.1,20,https://tabelog.com/ishikawa/A1701/A170102/17006551/,石川県/河北郡津幡町/倶利伽羅/リ-2/倶利伽羅不動寺山頂堂境内,36.663551093745205,136.81552192877655,09:00 - 17:00 ■ 営業時間/※天候等で16時前後に短縮あり/■ 定休日/不定休,予約不可,-,～￥999,
17004578,与市,居酒屋,3.09,21,https://tabelog.com/ishikawa/A1701/A170102/17004578/,石川県/河北郡津幡町/北中条/4-11,36.66276368712585,136.73071787642678,,予約可,-,-,
17012486,高級食パン専門店 おい!なんだこれは! 津幡店,パン,3.09,9,https://tabelog.com/ishikawa/A1701/A170102/17012486/,石川県/河北郡津幡町/北中条/6-91,36.66019475712657,136.72785633640285,10:00 - 18:00,,-,-,2020年10月24日
