city,url
千代田区,https://tabelog.com/tokyo/C13101/rstLst/
中央区,https://tabelog.com/tokyo/C13102/rstLst/
港区,https://tabelog.com/tokyo/C13103/rstLst/
新宿区,https://tabelog.com/tokyo/C13104/rstLst/
文京区,https://tabelog.com/tokyo/C13105/rstLst/
台東区,https://tabelog.com/tokyo/C13106/rstLst/
墨田区,https://tabelog.com/tokyo/C13107/rstLst/
江東区,https://tabelog.com/tokyo/C13108/rstLst/
品川区,https://tabelog.com/tokyo/C13109/rstLst/
目黒区,https://tabelog.com/tokyo/C13110/rstLst/
大田区,https://tabelog.com/tokyo/C13111/rstLst/
世田谷区,https://tabelog.com/tokyo/C13112/rstLst/
渋谷区,https://tabelog.com/tokyo/C13113/rstLst/
中野区,https://tabelog.com/tokyo/C13114/rstLst/
杉並区,https://tabelog.com/tokyo/C13115/rstLst/
豊島区,https://tabelog.com/tokyo/C13116/rstLst/
北区,https://tabelog.com/tokyo/C13117/rstLst/
荒川区,https://tabelog.com/tokyo/C13118/rstLst/
板橋区,https://tabelog.com/tokyo/C13119/rstLst/
練馬区,https://tabelog.com/tokyo/C13120/rstLst/
足立区,https://tabelog.com/tokyo/C13121/rstLst/
葛飾区,https://tabelog.com/tokyo/C13122/rstLst/
江戸川区,https://tabelog.com/tokyo/C13123/rstLst/
八王子市,https://tabelog.com/tokyo/C13201/rstLst/
立川市,https://tabelog.com/tokyo/C13202/rstLst/
武蔵野市,https://tabelog.com/tokyo/C13203/rstLst/
三鷹市,https://tabelog.com/tokyo/C13204/rstLst/
青梅市,https://tabelog.com/tokyo/C13205/rstLst/
府中市,https://tabelog.com/tokyo/C13206/rstLst/
昭島市,https://tabelog.com/tokyo/C13207/rstLst/
調布市,https://tabelog.com/tokyo/C13208/rstLst/
町田市,https://tabelog.com/tokyo/C13209/rstLst/
小金井市,https://tabelog.com/tokyo/C13210/rstLst/
小平市,https://tabelog.com/tokyo/C13211/rstLst/
日野市,https://tabelog.com/tokyo/C13212/rstLst/
東村山市,https://tabelog.com/tokyo/C13213/rstLst/
国分寺市,https://tabelog.com/tokyo/C13214/rstLst/
国立市,https://tabelog.com/tokyo/C13215/rstLst/
福生市,https://tabelog.com/tokyo/C13218/rstLst/
狛江市,https://tabelog.com/tokyo/C13219/rstLst/
東大和市,https://tabelog.com/tokyo/C13220/rstLst/
多摩市,https://tabelog.com/tokyo/C13224/rstLst/
清瀬市,https://tabelog.com/tokyo/C13221/rstLst/
東久留米市,https://tabelog.com/tokyo/C13222/rstLst/
武蔵村山市,https://tabelog.com/tokyo/C13223/rstLst/
稲城市,https://tabelog.com/tokyo/C13225/rstLst/
羽村市,https://tabelog.com/tokyo/C13227/rstLst/
あきる野市,https://tabelog.com/tokyo/C13228/rstLst/
西多摩郡日の出町,https://tabelog.com/tokyo/C13305/rstLst/
西東京市,https://tabelog.com/tokyo/C13229/rstLst/
西多摩郡奥多摩町,https://tabelog.com/tokyo/C13308/rstLst/
西多摩郡瑞穂町,https://tabelog.com/tokyo/C13303/rstLst/
西多摩郡檜原村,https://tabelog.com/tokyo/C13307/rstLst/
大島町,https://tabelog.com/tokyo/C13361/rstLst/
利島村,https://tabelog.com/tokyo/C13362/rstLst/
新島村,https://tabelog.com/tokyo/C13363/rstLst/
神津島村,https://tabelog.com/tokyo/C13364/rstLst/
三宅島三宅村,https://tabelog.com/tokyo/C13381/rstLst/
御蔵島村,https://tabelog.com/tokyo/C13382/rstLst/
八丈島八丈町,https://tabelog.com/tokyo/C13401/rstLst/
青ヶ島村,https://tabelog.com/tokyo/C13402/rstLst/
小,https://tabelog.com/tokyo/C13421/rstLst/
